Date,Gold_Price,Gold_Price_INR,Silver_Price,USD_Index,Crude_Oil_Price,SP500,Interest_Rate,Inflation_Rate,VIX,USD_INR
2015-01-01,1781.79,36046.78,14.96,95.01,77.12,1996.34,0.515,1.89,12.73,62.92
2015-01-02,1508.31,30607.32,14.86,95.07,77.17,1992.9,0.496,1.96,15.72,63.12
2015-01-05,1570.6,31855.64,13.53,95.05,77.26,1995.54,0.519,1.89,13.25,63.09
2015-01-06,800.0,16256.59,14.2,95.01,77.51,2003.84,0.546,2.27,17.19,63.2
2015-01-07,914.6,18536.47,16.26,94.91,77.7,2004.2,0.493,1.88,19.76,63.04
2015-01-08,1041.37,21037.26,13.21,94.98,77.85,2007.85,0.493,1.93,13.38,62.83
2015-01-09,1487.26,30047.87,16.13,95.0,77.8,2013.65,0.547,2.04,16.19,62.84
2015-01-12,1210.8,24439.92,15.63,95.03,77.62,2020.72,0.523,1.83,13.69,62.78
2015-01-13,802.0,16194.14,14.42,95.0,77.72,2015.14,0.486,1.96,17.24,62.8
2015-01-14,823.71,16656.0,15.23,95.09,77.64,2020.44,0.516,2.07,12.65,62.89
2015-01-15,1524.42,30852.53,15.68,95.16,77.84,2021.84,0.486,1.97,16.16,62.95
2015-01-16,1227.8,24831.89,15.09,95.17,77.9,2018.58,0.486,2.01,13.47,62.91
2015-01-19,1095.37,22107.81,16.09,95.15,77.78,2014.71,0.507,1.94,14.83,62.78
2015-01-20,1083.11,21808.75,13.48,95.15,77.86,2014.44,0.443,1.8,13.2,62.63
2015-01-21,1420.88,28630.23,15.66,95.11,78.03,2008.05,0.448,2.08,16.92,62.67
2015-01-22,800.0,16188.47,14.68,95.13,78.09,1997.92,0.483,2.29,13.63,62.94
2015-01-23,1098.91,22240.17,13.72,95.11,77.96,1999.98,0.47,2.03,16.42,62.95
2015-01-26,1113.18,22468.39,14.19,95.16,78.03,2007.73,0.509,2.07,14.65,62.78
2015-01-27,800.0,16142.85,14.79,95.16,78.13,2007.35,0.473,2.14,15.13,62.76
2015-01-28,991.44,20046.86,15.15,95.15,78.32,2014.82,0.458,1.85,15.68,62.89
2015-01-29,1937.81,39206.34,14.59,95.26,78.49,2013.17,0.544,2.3,13.88,62.93
2015-01-30,811.79,16377.76,14.88,95.23,78.33,2006.76,0.493,2.07,15.84,62.75
2015-02-02,1187.75,23967.04,15.37,95.15,78.26,1996.13,0.502,2.29,18.5,62.76
2015-02-03,800.0,16166.31,14.5,95.19,78.4,1991.12,0.457,1.94,13.9,62.85
2015-02-04,1073.92,21748.32,15.32,95.08,78.09,2004.3,0.484,2.32,17.82,62.99
2015-02-05,800.0,16126.35,16.22,95.12,78.27,2004.02,0.503,2.17,18.5,62.7
2015-02-06,981.69,19772.23,16.94,95.19,78.13,1991.04,0.465,2.13,13.89,62.65
2015-02-09,1261.97,25452.14,15.66,95.21,78.07,1992.58,0.511,2.09,12.63,62.73
2015-02-10,800.0,16211.82,15.76,95.23,78.38,1991.03,0.482,2.02,16.16,63.03
2015-02-11,1213.53,24664.32,15.67,95.12,78.39,1988.78,0.491,2.24,14.48,63.22
2015-02-12,850.95,17252.43,15.54,95.17,78.35,1985.21,0.482,2.08,19.34,63.06
2015-02-13,800.0,16259.35,15.96,95.21,78.43,1980.0,0.556,1.77,15.69,63.22
2015-02-16,1489.69,30250.02,16.28,95.15,78.44,1978.58,0.5,1.9,14.04,63.16
2015-02-17,800.0,16242.59,14.41,95.29,78.34,1965.61,0.468,2.04,13.37,63.15
2015-02-18,984.94,19984.68,16.74,95.23,78.41,1957.99,0.525,2.11,17.86,63.11
2015-02-19,918.74,18658.01,17.09,95.14,78.86,1956.91,0.463,2.06,14.56,63.17
2015-02-20,1210.14,24678.39,14.98,95.05,79.07,1964.57,0.506,2.25,15.81,63.43
2015-02-23,1139.08,23178.9,16.44,95.07,79.18,1969.78,0.441,1.78,17.65,63.29
2015-02-24,1039.42,21197.16,17.07,95.1,79.25,1986.15,0.46,2.1,14.79,63.43
2015-02-25,854.66,17435.16,16.02,95.15,79.43,1997.37,0.506,1.81,15.69,63.45
2015-02-26,1027.78,21010.22,15.59,95.14,79.58,1984.04,0.522,2.19,15.77,63.58
2015-02-27,1240.65,25416.45,16.48,95.11,79.43,1989.8,0.505,2.07,17.19,63.72
2015-03-02,1179.67,24164.67,15.08,95.18,79.56,1999.18,0.497,2.15,17.02,63.71
2015-03-03,1537.68,31552.94,15.24,95.14,79.59,2002.54,0.491,1.96,15.42,63.82
2015-03-04,1424.67,29322.77,15.22,95.08,79.96,1989.25,0.456,2.28,16.01,64.02
2015-03-05,1548.86,31800.21,14.59,95.18,79.94,1987.88,0.478,2.25,15.16,63.86
2015-03-06,1604.63,33050.91,15.66,95.21,80.21,1982.88,0.486,2.18,12.97,64.06
2015-03-09,1176.41,24253.41,16.04,95.25,80.0,1987.38,0.532,2.07,16.46,64.12
2015-03-10,1428.6,29563.29,16.57,95.31,80.08,1998.15,0.51,2.18,19.75,64.37
2015-03-11,1233.04,25397.27,11.53,95.29,79.96,2004.86,0.447,1.99,14.22,64.06
2015-03-12,1644.38,33872.02,15.85,95.27,79.81,1998.12,0.51,2.23,14.46,64.07
2015-03-13,800.0,16462.69,15.8,95.33,79.99,2005.98,0.488,2.35,14.29,64.01
2015-03-16,1081.58,22226.01,14.81,95.3,79.81,2007.58,0.48,2.26,17.5,63.92
2015-03-17,1333.33,27279.4,15.1,95.34,79.81,2017.05,0.518,2.0,16.97,63.64
2015-03-18,1384.22,28308.11,16.26,95.35,79.69,2016.19,0.531,2.16,15.78,63.61
2015-03-19,1156.53,23640.01,15.43,95.3,79.79,2019.29,0.528,1.92,14.28,63.58
2015-03-20,800.0,16310.85,15.66,95.37,79.86,2020.26,0.475,2.2,16.32,63.42
2015-03-23,1097.46,22330.31,16.2,95.31,79.45,2019.93,0.491,2.18,13.03,63.29
2015-03-24,1442.48,29408.71,17.3,95.34,79.61,2033.42,0.51,1.84,16.47,63.41
2015-03-25,1029.23,20978.53,15.21,95.36,79.51,2041.97,0.529,1.94,17.95,63.4
2015-03-26,1158.2,23667.93,15.55,95.45,79.93,2046.74,0.486,2.08,13.73,63.56
2015-03-27,1849.96,38001.3,14.57,95.4,80.13,2037.03,0.494,2.08,13.2,63.89
2015-03-30,1092.97,22455.02,17.56,95.38,80.34,2032.82,0.467,1.94,19.45,63.9
2015-03-31,1088.29,22360.43,15.1,95.39,79.89,2034.28,0.464,2.18,15.09,63.91
2015-04-01,1231.88,25219.65,14.13,95.42,80.26,2040.27,0.524,2.17,18.61,63.68
2015-04-02,1233.04,25126.06,16.12,95.49,80.3,2027.85,0.541,2.1,16.06,63.38
2015-04-03,1193.17,24301.53,14.01,95.52,80.06,2035.75,0.498,2.02,16.08,63.35
2015-04-06,1296.09,26355.05,16.88,95.54,80.14,2027.98,0.53,2.29,17.31,63.25
2015-04-07,800.0,16293.77,16.18,95.62,80.42,2019.44,0.511,2.38,14.7,63.35
2015-04-08,1108.17,22625.58,14.55,95.76,80.13,2028.98,0.481,2.07,16.77,63.5
2015-04-09,800.0,16326.26,16.08,95.69,80.37,2025.27,0.511,2.05,15.78,63.48
2015-04-10,1163.2,23760.15,15.13,95.71,80.33,2029.07,0.546,2.22,13.94,63.53
2015-04-13,1375.7,28044.94,15.94,95.77,80.24,2038.12,0.499,2.09,17.3,63.41
2015-04-14,1078.16,21998.47,14.36,95.79,80.18,2043.99,0.547,2.12,16.15,63.46
2015-04-15,800.0,16259.33,14.46,95.89,80.04,2036.22,0.421,2.26,16.41,63.22
2015-04-16,934.15,19002.71,15.57,95.89,80.1,2032.44,0.525,1.86,14.36,63.27
2015-04-17,1776.99,36238.42,17.6,95.84,80.18,2028.43,0.503,2.35,20.02,63.43
2015-04-20,1641.48,33304.59,15.14,95.91,80.4,2032.39,0.491,2.16,18.66,63.11
2015-04-21,891.68,18051.02,15.12,95.76,80.7,2035.91,0.503,2.09,18.9,62.97
2015-04-22,901.33,18271.39,15.3,95.75,80.66,2045.65,0.44,2.14,16.44,63.05
2015-04-23,1072.71,21764.31,14.17,95.9,80.89,2050.61,0.493,2.15,13.68,63.11
2015-04-24,1600.67,32501.27,16.11,95.92,80.69,2059.18,0.511,1.9,21.14,63.15
2015-04-27,800.0,16201.42,16.6,95.96,80.83,2058.54,0.544,2.39,17.21,62.99
2015-04-28,921.13,18719.37,15.94,95.92,80.64,2056.91,0.484,2.17,15.95,63.21
2015-04-29,1288.13,26200.84,15.61,95.93,80.55,2045.51,0.476,2.23,18.41,63.26
2015-04-30,1251.69,25472.17,15.02,95.94,80.69,2041.17,0.485,2.31,20.06,63.3
2015-05-01,971.66,19812.47,17.3,96.07,80.57,2028.58,0.527,2.02,17.83,63.42
2015-05-04,1028.57,21006.19,14.98,96.02,80.69,2022.91,0.51,2.24,20.62,63.52
2015-05-05,1248.95,25545.93,14.92,95.87,80.42,2035.96,0.484,2.14,20.42,63.62
2015-05-06,992.86,20304.26,13.99,95.91,80.3,2038.94,0.515,2.3,16.33,63.61
2015-05-07,800.0,16350.11,13.98,96.02,80.43,2040.49,0.503,1.86,17.38,63.57
2015-05-08,1069.49,21765.05,16.07,96.0,80.74,2040.75,0.529,2.17,20.93,63.3
2015-05-11,1171.51,23890.72,14.88,95.9,80.53,2037.87,0.479,2.09,13.9,63.43
2015-05-12,800.0,16379.01,14.89,95.85,80.86,2038.36,0.49,2.25,19.38,63.68
2015-05-13,1242.9,25367.47,14.88,95.89,80.93,2047.72,0.488,2.26,17.22,63.48
2015-05-14,1471.91,30071.31,15.21,95.88,81.39,2040.45,0.456,2.08,19.58,63.54
2015-05-15,1001.14,20448.68,15.15,95.9,81.35,2036.43,0.509,2.08,20.44,63.53
2015-05-18,1018.8,20770.04,17.05,95.77,81.27,2030.21,0.508,2.18,20.9,63.41
2015-05-19,868.99,17694.3,15.47,95.75,81.35,2028.63,0.5,2.06,21.16,63.33
2015-05-20,1087.64,22055.0,16.2,95.82,81.16,2050.84,0.493,2.32,20.8,63.07
2015-05-21,952.08,19340.23,16.48,95.82,81.2,2067.18,0.458,2.14,28.4,63.18
2015-05-22,1670.66,33923.41,16.24,95.77,81.21,2084.35,0.487,1.76,28.49,63.16
2015-05-25,1187.25,24136.41,15.84,95.85,81.48,2075.12,0.49,2.15,23.48,63.23
2015-05-26,800.0,16315.96,16.07,95.92,81.56,2065.14,0.476,2.05,30.17,63.44
2015-05-27,1358.68,27742.36,16.79,95.91,81.34,2074.02,0.495,1.96,27.55,63.51
2015-05-28,1785.1,36362.68,16.57,95.88,81.1,2067.94,0.512,2.02,30.14,63.36
2015-05-29,1355.71,27696.11,15.88,95.98,80.93,2071.8,0.557,2.23,31.48,63.54
2015-06-01,1592.02,32520.89,14.2,95.96,80.55,2062.08,0.505,2.41,32.24,63.54
2015-06-02,1423.09,29077.68,16.42,95.96,80.15,2072.65,0.508,2.26,37.74,63.55
2015-06-03,1558.47,31784.22,15.62,96.09,80.57,2073.07,0.498,2.13,38.53,63.43
2015-06-04,1528.94,31183.7,16.15,96.11,80.43,2071.34,0.442,2.29,40.16,63.44
2015-06-05,1532.31,31215.26,15.8,96.1,80.69,2095.62,0.499,2.15,41.72,63.36
2015-06-08,1311.2,26657.44,18.23,96.0,80.57,2098.54,0.502,2.12,46.18,63.24
2015-06-09,800.0,16238.42,18.25,96.02,80.5,2091.38,0.574,2.05,48.8,63.13
2015-06-10,811.69,16520.74,18.37,96.03,80.18,2085.37,0.494,1.96,56.77,63.31
2015-06-11,821.74,16767.71,17.86,96.0,80.45,2096.62,0.509,2.17,59.64,63.47
2015-06-12,800.0,16292.69,17.39,96.08,80.39,2090.26,0.499,2.25,56.25,63.34
2015-06-15,1058.7,21523.5,16.47,96.01,80.73,2104.01,0.465,2.22,54.89,63.23
2015-06-16,1724.36,35073.31,18.42,95.93,80.61,2095.42,0.534,2.17,50.47,63.26
2015-06-17,800.0,16232.84,18.0,95.9,80.87,2097.96,0.523,2.09,44.41,63.11
2015-06-18,1461.04,29592.95,17.71,95.91,81.18,2089.24,0.524,2.33,41.12,63.0
2015-06-19,1387.47,28145.59,16.07,95.84,80.9,2098.33,0.473,2.04,42.25,63.1
2015-06-22,1239.12,25247.46,16.69,95.78,81.01,2108.58,0.542,2.36,37.07,63.37
2015-06-23,1598.16,32605.2,16.43,95.74,80.82,2112.93,0.458,2.09,33.19,63.46
2015-06-24,1128.39,23026.37,14.74,95.75,80.61,2111.2,0.518,2.13,29.08,63.47
2015-06-25,1710.13,34921.38,17.61,95.72,80.64,2106.42,0.566,2.03,31.02,63.51
2015-06-26,1081.75,22101.45,15.25,95.79,80.82,2105.1,0.47,2.17,30.4,63.55
2015-06-29,1257.8,25672.55,15.66,95.67,81.1,2094.96,0.483,2.4,26.17,63.48
2015-06-30,1074.49,21950.67,14.76,95.71,81.04,2088.77,0.503,2.33,26.86,63.54
2015-07-01,802.11,16385.66,16.12,95.68,81.25,2099.35,0.485,2.4,24.53,63.54
2015-07-02,800.0,16364.7,16.05,95.72,81.37,2095.54,0.453,2.34,23.99,63.62
2015-07-03,1350.49,27635.53,16.57,95.85,81.38,2095.8,0.502,2.09,18.59,63.65
2015-07-06,1657.8,34016.09,15.18,95.85,81.21,2107.54,0.468,2.21,22.43,63.82
2015-07-07,1264.65,25994.23,15.13,95.87,81.23,2110.85,0.514,2.15,24.2,63.93
2015-07-08,1375.86,28303.57,16.25,95.93,81.94,2111.73,0.472,2.47,20.46,63.98
2015-07-09,800.0,16442.33,14.02,95.86,81.76,2121.04,0.546,2.09,21.35,63.93
2015-07-10,1333.29,27515.48,17.18,95.91,81.74,2125.62,0.477,2.4,19.32,64.19
2015-07-13,800.0,16580.64,14.86,95.97,81.58,2129.57,0.49,2.41,21.19,64.46
2015-07-14,800.0,16632.3,17.71,95.97,81.86,2132.01,0.524,2.55,19.72,64.67
2015-07-15,1670.01,34801.14,15.06,96.02,82.23,2144.55,0.463,2.21,17.99,64.82
2015-07-16,1196.92,24874.46,14.89,96.04,82.5,2159.05,0.507,2.38,22.29,64.64
2015-07-17,1221.75,25400.31,16.9,96.0,82.9,2140.87,0.539,2.62,21.27,64.66
2015-07-20,1371.78,28722.48,16.24,95.94,82.9,2157.55,0.452,2.19,18.01,65.12
2015-07-21,1466.29,30659.42,16.18,96.0,83.24,2164.94,0.506,2.05,20.06,65.04
2015-07-22,1087.18,22686.94,15.7,96.12,83.08,2163.37,0.508,2.0,19.99,64.91
2015-07-23,1320.6,27577.92,17.9,96.08,83.4,2171.55,0.523,2.39,20.08,64.95
2015-07-24,1187.29,24662.71,14.09,96.12,83.7,2160.85,0.463,2.01,15.3,64.61
2015-07-27,800.0,16630.52,16.99,96.05,83.59,2164.42,0.46,2.24,20.61,64.66
2015-07-28,1134.07,23583.39,14.26,96.04,83.78,2175.2,0.516,2.36,17.38,64.68
2015-07-29,1414.38,29369.4,17.14,96.02,83.58,2173.9,0.509,2.32,17.73,64.59
2015-07-30,1131.01,23563.36,16.37,95.96,83.31,2156.14,0.508,2.36,23.66,64.8
2015-07-31,1121.18,23315.58,17.1,95.96,83.04,2158.33,0.51,2.33,18.94,64.68
2015-08-03,1549.13,32233.53,16.44,96.03,82.83,2157.75,0.48,2.49,17.52,64.72
2015-08-04,1283.78,26653.59,13.22,96.08,82.61,2170.81,0.507,2.16,13.85,64.58
2015-08-05,1374.6,28519.39,15.28,96.06,82.6,2179.56,0.509,2.2,21.01,64.53
2015-08-06,800.0,16630.59,14.2,96.15,82.95,2197.1,0.479,2.19,15.52,64.66
2015-08-07,1407.97,29157.69,16.87,96.17,82.9,2199.45,0.556,2.43,16.18,64.41
2015-08-10,809.42,16831.07,16.26,96.29,82.74,2206.96,0.514,2.45,17.51,64.68
2015-08-11,1218.44,25290.24,15.83,96.23,82.88,2213.84,0.464,2.38,20.99,64.56
2015-08-12,813.19,16905.98,15.27,96.42,82.84,2210.54,0.52,2.49,19.7,64.66
2015-08-13,1548.99,32327.28,15.64,96.42,82.86,2214.78,0.471,2.14,17.83,64.91
2015-08-14,1893.1,39600.61,14.83,96.36,82.94,2237.43,0.524,2.57,18.76,65.06
2015-08-17,1161.35,24222.65,15.87,96.3,83.04,2234.74,0.535,2.55,16.94,64.87
2015-08-18,1144.24,24000.92,15.47,96.37,82.9,2241.2,0.475,2.43,18.42,65.24
2015-08-19,1604.76,33789.57,14.88,96.43,82.86,2242.25,0.529,2.59,18.29,65.49
2015-08-20,1432.38,30281.97,16.01,96.49,83.05,2250.66,0.512,2.08,20.09,65.76
2015-08-21,1184.14,24987.76,17.19,96.54,82.98,2245.81,0.525,2.25,20.09,65.63
2015-08-24,1353.24,28532.38,14.12,96.48,82.93,2259.01,0.557,2.22,19.15,65.58
2015-08-25,1971.34,41501.78,16.33,96.49,83.0,2260.0,0.493,2.44,17.45,65.48
2015-08-26,1000.32,21087.92,14.68,96.36,83.08,2259.83,0.477,2.18,19.66,65.57
2015-08-27,1026.76,21687.43,15.98,96.32,83.02,2257.45,0.473,2.45,18.01,65.7
2015-08-28,1517.11,32020.19,14.89,96.37,83.14,2262.61,0.476,2.54,16.04,65.65
2015-08-31,2011.34,42592.42,15.15,96.27,83.14,2257.0,0.498,2.44,17.4,65.87
2015-09-01,1310.37,27820.77,15.19,96.42,82.88,2265.71,0.51,2.38,18.39,66.04
2015-09-02,800.0,16996.64,16.62,96.51,83.02,2262.18,0.508,2.19,20.05,66.08
2015-09-03,1470.42,31218.36,15.25,96.45,82.84,2262.62,0.525,2.22,17.88,66.04
2015-09-04,1111.17,23444.28,15.27,96.5,83.46,2274.48,0.5,2.53,15.84,65.62
2015-09-07,1483.28,31255.68,15.55,96.55,83.52,2287.9,0.544,2.47,18.38,65.54
2015-09-08,800.0,16900.24,17.27,96.55,83.47,2291.27,0.492,2.34,18.51,65.71
2015-09-09,800.0,16788.56,16.05,96.6,83.64,2288.54,0.582,2.29,18.67,65.27
2015-09-10,1209.49,25365.91,14.9,96.59,83.93,2290.42,0.519,2.05,20.15,65.23
2015-09-11,1922.87,40224.94,16.91,96.6,84.24,2298.58,0.474,2.2,20.36,65.07
2015-09-14,805.88,16854.31,15.95,96.65,84.3,2301.39,0.468,2.65,17.15,65.05
2015-09-15,1177.3,24636.96,14.6,96.69,84.52,2307.41,0.514,2.17,17.12,65.09
2015-09-16,800.0,16752.96,15.87,96.72,84.66,2318.71,0.493,2.39,16.28,65.13
2015-09-17,1427.32,29748.13,15.72,96.76,84.69,2305.74,0.521,2.52,19.78,64.83
2015-09-18,1375.98,28662.44,12.55,96.83,84.39,2307.95,0.514,2.18,21.29,64.79
2015-09-21,800.0,16667.72,15.8,96.89,84.39,2310.54,0.498,2.4,17.78,64.8
2015-09-22,1771.17,36986.97,14.75,96.83,83.88,2307.86,0.475,2.51,17.94,64.95
2015-09-23,800.0,16754.09,14.62,96.8,83.71,2313.63,0.455,2.37,21.37,65.14
2015-09-24,1882.41,39385.94,14.33,96.9,83.98,2308.66,0.487,2.8,19.46,65.08
2015-09-25,1818.15,38182.36,15.61,97.01,84.02,2307.1,0.526,2.13,19.33,65.32
2015-09-28,1393.15,29263.15,15.48,97.06,84.02,2305.88,0.506,2.54,16.09,65.33
2015-09-29,1623.36,34170.35,16.51,97.05,83.84,2322.51,0.463,2.35,19.85,65.47
2015-09-30,1228.64,25884.23,14.85,97.12,83.68,2315.02,0.505,2.5,16.65,65.53
2015-10-01,800.0,16835.65,15.12,97.17,83.54,2315.5,0.512,2.45,16.25,65.46
2015-10-02,1373.59,28936.98,17.32,97.1,83.27,2325.15,0.473,2.28,17.84,65.52
2015-10-05,800.0,16870.81,13.82,97.11,82.81,2331.63,0.505,2.42,17.37,65.59
2015-10-06,1315.41,27739.19,16.41,97.04,83.02,2323.02,0.502,2.11,18.12,65.59
2015-10-07,852.54,18001.3,14.8,97.03,83.35,2325.21,0.466,2.48,15.69,65.67
2015-10-08,1662.46,35040.34,18.54,97.05,83.23,2311.93,0.511,2.44,20.51,65.56
2015-10-09,1423.34,30025.89,16.5,97.17,83.38,2319.8,0.517,2.49,20.86,65.61
2015-10-12,1526.53,32269.07,14.92,97.05,83.14,2326.28,0.532,2.56,14.72,65.75
2015-10-13,1413.0,29783.07,14.47,97.05,83.21,2323.18,0.532,2.45,20.59,65.56
2015-10-14,1970.44,41523.52,15.81,97.1,82.93,2316.01,0.459,2.42,17.02,65.55
2015-10-15,1687.94,35624.26,13.79,97.16,83.11,2318.07,0.472,2.27,20.37,65.64
2015-10-16,1929.92,40902.46,16.03,97.22,83.12,2313.55,0.515,2.3,18.53,65.92
2015-10-19,975.81,20663.98,14.43,97.18,82.87,2306.82,0.515,2.58,18.74,65.87
2015-10-20,1105.67,23385.27,14.72,97.19,82.98,2309.1,0.515,2.62,18.33,65.79
2015-10-21,800.0,16980.04,13.06,97.17,83.31,2319.01,0.616,2.37,21.13,66.02
2015-10-22,1153.68,24427.09,15.45,97.27,83.31,2316.56,0.517,2.42,16.24,65.86
2015-10-23,1286.73,27276.31,15.68,97.27,83.3,2310.54,0.534,2.28,19.95,65.93
2015-10-26,1478.22,31339.31,15.76,97.29,83.3,2304.96,0.529,2.59,20.95,65.94
2015-10-27,1115.64,23751.93,13.91,97.31,83.32,2316.28,0.52,2.52,20.2,66.22
2015-10-28,1577.61,33660.03,17.14,97.25,83.57,2309.59,0.491,2.71,23.43,66.36
2015-10-29,1534.78,32758.21,14.99,97.3,83.83,2302.47,0.523,2.29,17.73,66.39
2015-10-30,1098.05,23501.48,14.92,97.24,83.41,2308.95,0.477,2.37,20.72,66.57
2015-11-02,926.29,19806.96,16.14,97.27,83.65,2311.72,0.493,2.46,18.6,66.51
2015-11-03,1306.89,27969.28,15.14,97.24,83.6,2322.23,0.485,2.52,21.3,66.57
2015-11-04,1303.03,27799.67,15.72,97.33,83.94,2326.05,0.502,2.4,18.83,66.36
2015-11-05,1053.32,22473.98,14.44,97.34,84.03,2321.44,0.569,2.3,18.08,66.36
2015-11-06,1180.78,25194.45,16.27,97.47,84.22,2332.48,0.444,2.56,21.48,66.37
2015-11-09,800.0,17074.27,16.03,97.35,84.11,2323.18,0.521,2.54,17.9,66.38
2015-11-10,1476.14,31425.43,14.61,97.45,83.84,2329.35,0.452,2.3,16.07,66.22
2015-11-11,1522.54,32518.68,15.56,97.52,83.89,2328.07,0.486,2.64,17.87,66.43
2015-11-12,1272.87,27108.1,15.53,97.55,84.08,2338.61,0.533,2.62,20.15,66.24
2015-11-13,1544.12,33031.04,15.3,97.7,84.22,2338.25,0.502,2.46,21.71,66.53
2015-11-16,1317.98,28168.84,14.09,97.62,84.38,2342.92,0.468,2.46,19.16,66.48
2015-11-17,1860.45,39779.5,14.46,97.65,84.42,2342.32,0.479,2.53,21.59,66.5
2015-11-18,800.0,17094.34,14.6,97.74,84.56,2345.39,0.52,2.32,16.25,66.46
2015-11-19,1317.19,28097.99,15.16,97.79,84.39,2350.67,0.478,2.45,18.09,66.35
2015-11-20,1575.2,33699.7,14.07,97.78,84.36,2348.63,0.506,2.13,18.41,66.54
2015-11-23,1822.21,39000.85,15.24,97.84,84.04,2348.23,0.501,2.58,18.77,66.57
2015-11-24,1547.28,33279.54,12.95,97.83,84.03,2361.4,0.48,2.22,19.18,66.9
2015-11-25,875.19,18792.91,15.46,97.82,83.96,2362.45,0.564,2.68,20.41,66.79
2015-11-26,800.0,17152.83,15.22,97.79,83.97,2383.05,0.519,2.41,18.15,66.69
2015-11-27,1207.22,25968.87,15.94,97.87,84.17,2384.47,0.439,2.43,19.33,66.91
2015-11-30,1372.09,29418.29,16.42,97.9,84.18,2373.84,0.506,2.37,18.97,66.69
2015-12-01,1564.32,33682.79,15.62,98.07,83.59,2360.42,0.48,2.42,17.22,66.97
2015-12-02,834.07,18028.34,16.9,98.13,83.86,2372.92,0.526,2.68,18.86,67.23
2015-12-03,1449.34,31236.53,14.67,98.06,83.89,2370.85,0.476,2.09,18.81,67.04
2015-12-04,800.0,17301.79,15.24,98.12,84.04,2363.63,0.497,2.66,18.78,67.27
2015-12-07,938.99,20341.46,15.92,98.07,83.87,2378.38,0.515,2.52,19.18,67.38
2015-12-08,1540.98,33377.08,14.86,98.07,84.03,2377.86,0.526,2.29,19.28,67.37
2015-12-09,800.0,17346.58,14.66,98.09,84.34,2375.36,0.464,2.31,18.28,67.44
2015-12-10,800.99,17414.07,16.76,98.04,84.01,2382.72,0.49,2.73,21.7,67.62
2015-12-11,984.87,21429.68,15.56,98.02,84.25,2383.9,0.486,2.34,16.83,67.68
2015-12-14,1207.49,26301.41,15.49,98.0,84.05,2388.03,0.48,2.31,17.74,67.75
2015-12-15,800.0,17429.21,14.86,98.02,83.89,2390.34,0.553,2.65,24.75,67.76
2015-12-16,1125.69,24531.31,16.0,98.03,83.89,2385.44,0.512,2.53,17.13,67.78
2015-12-17,962.9,20945.04,15.07,98.04,84.3,2378.39,0.462,2.34,16.51,67.66
2015-12-18,1557.91,33885.49,14.43,98.15,83.93,2386.25,0.528,2.52,20.69,67.65
2015-12-21,931.43,20251.64,15.51,98.2,83.8,2390.57,0.564,2.34,15.08,67.63
2015-12-22,1133.43,24656.27,14.23,98.24,83.8,2390.23,0.531,2.66,18.78,67.66
2015-12-23,1179.8,25598.46,13.48,98.32,83.92,2369.13,0.454,2.65,23.55,67.49
2015-12-24,929.14,20157.78,13.58,98.45,83.89,2364.67,0.485,2.57,16.18,67.48
2015-12-25,1366.91,29589.64,14.96,98.54,83.97,2364.8,0.538,2.55,15.32,67.33
2015-12-28,1429.38,30909.34,16.82,98.49,83.76,2375.95,0.479,2.76,16.3,67.26
2015-12-29,888.67,19213.51,15.65,98.54,83.9,2380.99,0.513,2.5,21.1,67.25
2015-12-30,1199.82,25894.37,15.15,98.6,84.11,2396.55,0.523,2.32,21.57,67.13
2015-12-31,800.0,17324.94,16.5,98.67,83.88,2380.93,0.472,2.57,18.31,67.36
2016-01-01,1281.16,27804.88,16.15,98.68,83.71,2376.14,0.498,2.82,20.71,67.5
2016-01-04,1157.44,25192.36,16.34,98.7,83.79,2378.96,0.403,2.36,22.14,67.7
2016-01-05,952.83,20814.4,16.4,98.66,83.85,2369.19,0.469,2.46,22.94,67.94
2016-01-06,1192.01,25988.4,15.16,98.65,83.94,2370.52,0.492,2.57,18.89,67.81
2016-01-07,1276.21,27852.54,14.86,98.59,83.69,2374.98,0.463,2.5,14.79,67.88
2016-01-08,1501.71,32796.29,14.35,98.68,83.6,2380.14,0.549,2.37,17.77,67.93
2016-01-11,1196.03,26135.44,16.24,98.66,83.5,2388.73,0.457,2.68,18.57,67.97
2016-01-12,1373.06,30031.55,14.54,98.62,83.76,2376.21,0.487,2.87,18.92,68.03
2016-01-13,1750.06,38231.1,14.62,98.65,83.74,2367.55,0.504,2.55,19.08,67.95
2016-01-14,800.0,17424.07,15.27,98.67,83.63,2367.04,0.543,2.39,21.71,67.74
2016-01-15,1506.33,32759.37,15.34,98.65,83.44,2369.63,0.457,2.29,22.04,67.64
2016-01-18,800.0,17376.07,15.83,98.68,83.43,2362.58,0.535,2.56,19.17,67.56
2016-01-19,831.24,18043.82,15.55,98.66,83.66,2358.25,0.5,2.69,21.73,67.52
2016-01-20,1095.01,23783.73,15.18,98.7,83.34,2355.95,0.471,2.6,20.27,67.56
2016-01-21,869.3,18844.97,16.04,98.72,83.35,2363.0,0.514,2.53,19.71,67.43
2016-01-22,808.81,17488.55,16.27,98.74,83.45,2367.2,0.506,2.44,21.42,67.25
2016-01-25,1087.21,23488.99,13.81,98.73,83.84,2376.05,0.482,2.37,19.78,67.2
2016-01-26,995.62,21480.42,16.76,98.71,83.97,2380.13,0.502,2.66,23.78,67.11
2016-01-27,872.54,18832.74,15.16,98.73,84.23,2403.08,0.488,2.68,16.82,67.13
2016-01-28,800.0,17206.84,16.75,98.65,84.23,2401.98,0.503,2.31,18.7,66.9
2016-01-29,1653.94,35560.4,15.12,98.75,83.94,2403.6,0.52,2.78,19.52,66.87
2016-02-01,800.0,17194.17,14.75,98.74,83.64,2405.91,0.548,2.63,20.7,66.85
2016-02-02,1103.02,23684.49,16.35,98.88,83.49,2418.94,0.463,2.76,22.4,66.79
2016-02-03,1579.96,33961.61,17.15,98.93,83.51,2440.16,0.564,2.35,19.87,66.86
2016-02-04,1447.06,31168.35,13.61,98.94,83.44,2443.88,0.441,2.34,17.13,66.99
2016-02-05,1270.2,27345.95,16.27,98.91,83.33,2447.67,0.495,2.53,21.73,66.96
2016-02-08,964.83,20792.25,16.09,98.96,83.69,2459.44,0.518,2.63,21.63,67.03
2016-02-09,1185.58,25514.32,15.35,99.0,83.2,2456.9,0.508,2.82,16.32,66.94
2016-02-10,800.0,17210.61,17.31,99.04,82.97,2455.66,0.481,2.66,20.28,66.91
2016-02-11,1088.24,23447.88,13.48,99.1,83.45,2434.19,0.494,2.52,17.22,67.02
2016-02-12,1078.04,23158.99,16.16,99.12,83.5,2438.35,0.485,2.41,19.18,66.82
2016-02-15,1113.89,23907.98,16.31,99.21,83.35,2434.41,0.482,2.75,18.84,66.76
2016-02-16,917.92,19682.02,16.47,99.17,83.11,2442.78,0.525,2.42,22.41,66.69
2016-02-17,800.0,17064.3,16.54,99.17,83.26,2444.15,0.511,2.81,21.19,66.34
2016-02-18,1673.48,35771.43,15.39,99.22,83.39,2436.04,0.479,2.52,18.57,66.49
2016-02-19,1607.87,34544.38,15.45,99.19,83.55,2436.49,0.527,2.81,23.11,66.82
2016-02-22,1529.89,33078.13,14.7,99.21,83.27,2436.57,0.509,2.67,18.72,67.25
2016-02-23,1320.25,28629.54,15.82,99.31,83.29,2436.04,0.524,2.55,22.51,67.45
2016-02-24,1249.94,27122.69,15.05,99.33,83.23,2436.3,0.519,2.5,20.53,67.49
2016-02-25,944.45,20510.8,14.94,99.32,83.31,2439.24,0.475,2.52,21.76,67.55
2016-02-26,989.99,21493.0,14.87,99.4,82.97,2441.62,0.483,2.64,23.89,67.53
2016-02-29,1730.09,37483.43,15.04,99.34,83.08,2442.08,0.522,2.59,24.36,67.39
2016-03-01,1844.35,39812.47,16.14,99.34,83.38,2446.76,0.518,2.49,26.48,67.14
2016-03-02,1144.87,24753.28,15.4,99.41,83.09,2448.09,0.499,2.56,24.2,67.25
2016-03-03,1222.92,26449.28,16.63,99.38,83.25,2450.61,0.504,2.6,25.6,67.27
2016-03-04,1474.47,31808.35,14.08,99.41,83.58,2452.25,0.538,2.27,24.83,67.1
2016-03-07,1230.96,26475.64,16.3,99.42,83.74,2449.28,0.482,2.66,26.87,66.9
2016-03-08,1266.02,27231.79,14.75,99.52,83.72,2444.32,0.516,2.44,28.3,66.9
2016-03-09,1159.98,24908.45,16.9,99.45,83.73,2445.0,0.494,2.42,28.25,66.79
2016-03-10,832.86,17853.85,16.72,99.43,83.61,2442.1,0.493,2.34,26.01,66.68
2016-03-11,1056.92,22684.23,14.65,99.43,83.65,2452.72,0.533,2.33,31.61,66.76
2016-03-14,1133.7,24328.33,15.35,99.46,83.42,2457.27,0.525,2.39,33.17,66.75
2016-03-15,800.0,17106.08,15.43,99.51,83.42,2447.47,0.524,2.49,32.78,66.51
2016-03-16,1195.05,25503.05,17.6,99.55,83.24,2453.7,0.539,2.89,33.49,66.38
2016-03-17,2021.85,43142.9,16.04,99.64,82.94,2453.35,0.501,2.52,41.19,66.37
2016-03-18,984.37,20981.72,17.25,99.7,83.23,2458.43,0.52,2.63,41.69,66.3
2016-03-21,1143.4,24359.31,16.13,99.63,82.84,2455.42,0.491,2.66,43.04,66.26
2016-03-22,824.56,17545.62,17.75,99.56,83.19,2457.98,0.51,2.63,44.39,66.18
2016-03-23,800.0,16993.11,17.95,99.54,82.74,2461.61,0.496,2.6,48.61,66.07
2016-03-24,1088.92,23244.94,18.81,99.52,82.91,2453.13,0.503,2.43,56.92,66.4
2016-03-25,1451.57,30895.19,17.59,99.51,82.94,2460.06,0.518,2.83,59.19,66.2
2016-03-28,1157.97,24663.47,18.0,99.58,82.6,2456.53,0.475,2.88,63.03,66.25
2016-03-29,1106.54,23561.48,17.11,99.56,82.48,2450.02,0.563,2.36,59.95,66.23
2016-03-30,1411.42,30021.31,16.93,99.64,82.26,2449.27,0.47,2.46,52.71,66.16
2016-03-31,1309.15,27868.18,16.61,99.72,82.06,2452.67,0.464,2.58,53.29,66.21
2016-04-01,1343.0,28643.01,17.56,99.73,82.22,2441.51,0.535,2.48,49.42,66.34
2016-04-04,1687.08,35998.36,15.68,99.72,81.97,2456.04,0.524,2.7,42.62,66.37
2016-04-05,1646.61,35072.78,15.83,99.81,81.57,2464.11,0.519,2.51,39.52,66.25
2016-04-06,1786.94,38054.38,16.17,99.77,81.78,2460.16,0.519,2.95,33.08,66.24
2016-04-07,800.01,17005.3,16.33,99.81,81.85,2461.94,0.5,2.81,33.19,66.11
2016-04-08,1587.67,33706.59,14.52,99.84,81.84,2475.85,0.473,2.66,31.56,66.03
2016-04-11,1906.02,40492.77,15.55,99.93,81.77,2473.53,0.502,2.78,32.83,66.08
2016-04-12,800.0,17025.46,15.56,99.96,81.89,2473.24,0.48,2.8,30.42,66.19
2016-04-13,1238.19,26283.94,15.81,99.98,81.95,2486.68,0.529,2.55,27.07,66.03
2016-04-14,1053.11,22346.58,14.9,100.05,81.92,2496.33,0.496,2.51,28.04,66.0
2016-04-15,1271.13,26892.86,15.11,100.04,81.78,2488.88,0.475,2.65,28.59,65.8
2016-04-18,1708.63,36160.01,15.44,100.09,81.99,2495.12,0.49,2.77,27.73,65.83
2016-04-19,800.0,16907.28,15.86,100.11,82.27,2503.72,0.512,2.66,22.09,65.73
2016-04-20,1358.84,28771.3,13.06,100.12,82.35,2506.62,0.483,2.41,24.93,65.86
2016-04-21,1071.93,22722.18,14.99,100.05,82.94,2514.62,0.475,2.52,21.8,65.93
2016-04-22,1722.61,36542.56,16.25,100.06,82.98,2509.47,0.507,2.63,25.83,65.98
2016-04-25,1448.94,30666.87,14.37,100.01,83.0,2527.52,0.507,2.64,25.11,65.83
2016-04-26,1231.76,26085.57,14.47,100.06,83.29,2525.52,0.485,2.95,21.33,65.87
2016-04-27,1001.14,21173.35,15.85,100.21,83.34,2519.0,0.486,2.44,21.22,65.78
2016-04-28,2242.36,47386.51,14.67,100.21,83.38,2520.79,0.507,2.73,21.5,65.73
2016-04-29,1365.37,28744.98,14.61,100.28,83.29,2508.27,0.457,2.88,17.63,65.48
2016-05-02,800.0,16840.15,15.52,100.35,83.38,2502.34,0.458,3.0,22.55,65.47
2016-05-03,931.77,19627.56,12.09,100.29,83.02,2493.65,0.478,2.6,21.11,65.52
2016-05-04,1388.93,29209.58,13.29,100.35,82.86,2500.96,0.494,2.73,23.4,65.41
2016-05-05,971.45,20415.2,15.28,100.34,82.62,2515.85,0.509,2.75,19.09,65.36
2016-05-06,1025.91,21455.78,14.46,100.33,82.16,2521.07,0.544,2.69,19.9,65.05
2016-05-09,1611.83,33757.46,14.36,100.39,82.37,2529.93,0.526,2.65,17.99,65.14
2016-05-10,1568.03,32928.86,14.08,100.37,82.29,2525.12,0.495,2.73,18.88,65.32
2016-05-11,1001.01,21054.13,13.97,100.35,82.09,2531.43,0.499,2.29,18.42,65.42
2016-05-12,1654.49,34721.53,15.89,100.41,82.16,2531.83,0.47,2.77,22.69,65.27
2016-05-13,961.53,20162.64,14.63,100.49,81.89,2552.73,0.499,2.69,19.22,65.22
2016-05-16,1879.65,39176.4,15.5,100.51,82.05,2564.61,0.491,2.64,20.8,64.83
2016-05-17,1461.31,30440.63,14.58,100.56,82.32,2561.79,0.51,2.98,19.74,64.79
2016-05-18,1351.2,28270.49,14.29,100.49,82.02,2562.82,0.475,2.57,17.91,65.08
2016-05-19,1099.93,22967.53,14.77,100.5,82.24,2548.5,0.516,2.62,20.07,64.95
2016-05-20,1020.7,21362.23,15.32,100.53,82.27,2557.62,0.546,2.98,21.58,65.1
2016-05-23,800.0,16738.7,13.51,100.5,82.48,2574.58,0.497,2.56,17.94,65.08
2016-05-24,1140.76,23824.29,14.56,100.55,82.51,2578.41,0.512,2.6,21.95,64.96
2016-05-25,1239.18,25819.95,13.9,100.58,82.32,2586.51,0.521,2.66,18.62,64.81
2016-05-26,800.0,16680.55,16.06,100.6,81.98,2583.17,0.488,2.81,19.34,64.85
2016-05-27,1565.99,32669.56,13.11,100.69,81.74,2589.49,0.507,2.72,21.36,64.89
2016-05-30,1200.89,25032.24,14.79,100.78,81.62,2588.1,0.5,2.5,18.98,64.83
2016-05-31,1729.12,35996.56,13.78,100.71,81.81,2596.85,0.503,2.61,20.38,64.75
2016-06-01,1027.29,21381.28,13.43,100.69,81.93,2590.16,0.477,2.6,19.69,64.74
2016-06-02,1769.84,36770.26,14.23,100.73,81.97,2588.82,0.501,2.68,20.59,64.62
2016-06-03,1162.34,24063.62,15.46,100.73,82.25,2584.61,0.515,2.76,15.59,64.39
2016-06-06,1314.87,27174.24,13.75,100.86,81.86,2591.85,0.544,2.76,16.72,64.28
2016-06-07,1405.44,28992.69,12.77,100.93,81.61,2573.79,0.529,2.43,21.65,64.16
2016-06-08,1308.92,26935.35,13.92,100.9,81.36,2591.13,0.565,2.86,22.53,64.01
2016-06-09,1431.58,29484.74,14.64,100.86,81.35,2610.07,0.477,2.74,18.68,64.06
2016-06-10,800.0,16514.68,13.36,100.8,81.0,2608.67,0.526,2.91,20.07,64.21
2016-06-13,1262.16,26084.57,15.37,100.83,80.86,2596.5,0.506,2.77,21.21,64.28
2016-06-14,1312.98,27198.28,13.46,100.81,81.12,2614.72,0.566,2.87,22.09,64.43
2016-06-15,800.0,16484.89,14.07,100.78,81.31,2618.95,0.476,2.78,16.73,64.09
2016-06-16,1578.63,32522.59,15.5,100.72,81.6,2618.28,0.475,2.91,19.11,64.08
2016-06-17,1016.43,20935.32,14.28,100.78,81.47,2618.5,0.482,2.79,20.33,64.06
2016-06-20,1714.22,35409.73,13.53,100.75,81.24,2619.67,0.436,2.7,22.53,64.25
2016-06-21,1395.14,28758.47,15.09,100.7,81.28,2632.79,0.484,3.06,26.26,64.11
2016-06-22,1130.31,23249.78,14.24,100.6,81.08,2634.11,0.477,2.85,20.97,63.98
2016-06-23,1737.29,35853.49,15.66,100.64,81.04,2636.42,0.505,2.8,18.8,64.19
2016-06-24,1988.26,41013.88,15.29,100.66,81.0,2641.92,0.51,2.53,22.63,64.16
2016-06-27,1377.05,28459.81,15.12,100.72,81.09,2646.0,0.556,2.53,24.71,64.28
2016-06-28,1869.45,38732.93,14.79,100.82,81.36,2638.94,0.529,2.77,22.56,64.44
2016-06-29,1266.37,26168.79,14.38,100.84,81.63,2642.78,0.483,2.75,20.83,64.27
2016-06-30,1667.88,34563.94,14.55,100.83,81.8,2634.63,0.473,2.63,24.91,64.46
2016-07-01,1192.66,24691.66,13.4,100.75,81.74,2642.68,0.515,2.75,24.72,64.39
2016-07-04,2003.82,41704.95,14.95,100.76,81.86,2638.47,0.46,2.97,21.79,64.73
2016-07-05,1738.15,36182.51,14.22,100.8,81.76,2639.78,0.555,2.84,25.12,64.75
2016-07-06,1529.6,31833.18,14.72,100.82,81.56,2644.82,0.535,2.56,26.93,64.73
2016-07-07,800.0,16578.28,15.06,100.72,81.23,2630.17,0.486,2.72,27.95,64.46
2016-07-08,1538.66,31909.16,14.38,100.8,81.1,2623.78,0.449,2.61,26.2,64.5
2016-07-11,920.3,19022.45,15.73,100.85,81.18,2621.71,0.541,2.68,26.46,64.29
2016-07-12,1536.7,31752.23,14.19,100.84,81.3,2622.38,0.497,2.68,30.58,64.27
2016-07-13,1896.53,38998.36,14.44,100.83,81.3,2627.1,0.537,2.67,26.79,63.96
2016-07-14,1691.33,34769.48,14.74,100.73,81.4,2633.6,0.452,2.55,31.31,63.94
2016-07-15,1754.78,36033.44,16.05,100.76,81.27,2645.89,0.482,2.72,29.08,63.87
2016-07-18,1316.94,27109.99,15.4,100.75,81.59,2651.73,0.5,2.66,35.53,64.03
2016-07-19,882.0,18191.72,14.97,100.69,81.6,2656.4,0.501,2.31,34.66,64.15
2016-07-20,1179.3,24349.18,16.75,100.82,81.52,2652.98,0.486,3.06,39.74,64.22
2016-07-21,1356.48,27960.58,15.28,100.93,81.64,2657.35,0.519,2.91,40.47,64.11
2016-07-22,1462.35,30188.09,16.22,100.98,81.59,2666.62,0.468,2.69,39.64,64.21
2016-07-25,1949.07,40287.04,16.34,100.99,81.64,2669.68,0.496,2.76,47.88,64.29
2016-07-26,1768.51,36610.3,17.21,100.93,81.93,2678.26,0.504,2.58,51.46,64.39
2016-07-27,2332.48,48193.82,15.83,100.94,81.75,2698.03,0.515,3.01,46.92,64.27
2016-07-28,1163.42,24091.8,15.6,100.98,81.67,2684.99,0.521,3.04,40.83,64.41
2016-07-29,1975.73,40999.27,15.72,100.98,81.62,2684.22,0.466,2.78,39.28,64.54
2016-08-01,1881.77,39105.52,15.57,100.99,81.62,2690.06,0.454,2.91,38.04,64.64
2016-08-02,1518.84,31495.01,16.03,101.01,81.99,2713.58,0.538,2.79,34.48,64.5
2016-08-03,1208.0,24987.8,15.01,100.95,82.16,2705.47,0.51,2.56,37.65,64.34
2016-08-04,1338.13,27650.17,14.1,101.01,82.41,2705.37,0.478,2.7,33.16,64.27
2016-08-05,1315.24,27171.31,15.9,101.09,81.88,2713.04,0.547,2.79,26.27,64.26
2016-08-08,2195.75,45274.81,16.73,101.07,81.97,2723.07,0.503,2.7,31.35,64.13
2016-08-09,1865.41,38544.08,13.47,101.04,82.01,2709.42,0.535,2.74,29.13,64.27
2016-08-10,1893.42,39096.49,15.29,101.18,82.11,2705.98,0.502,2.76,28.99,64.22
2016-08-11,1602.23,33027.56,15.53,101.26,82.1,2708.05,0.562,2.76,27.85,64.12
2016-08-12,1500.1,30907.39,15.25,101.13,81.96,2699.55,0.553,2.78,29.79,64.08
2016-08-15,1722.11,35618.55,16.34,101.13,82.09,2693.92,0.493,2.62,30.14,64.33
2016-08-16,1645.02,33907.84,13.71,101.08,82.04,2714.23,0.529,2.67,28.31,64.11
2016-08-17,1593.98,32919.1,14.23,101.04,82.03,2716.74,0.519,2.59,27.02,64.24
2016-08-18,1765.01,36513.23,15.24,101.01,81.9,2723.93,0.541,2.93,27.7,64.34
2016-08-19,1252.59,25981.52,15.64,101.02,81.85,2725.09,0.471,2.47,28.03,64.52
2016-08-22,1759.3,36477.68,16.15,101.02,81.94,2734.11,0.521,2.96,26.72,64.49
2016-08-23,1639.98,33837.98,14.18,100.96,82.1,2729.89,0.532,2.99,29.95,64.18
2016-08-24,1424.72,29385.38,13.39,100.9,82.08,2735.02,0.447,2.74,30.31,64.15
2016-08-25,1935.99,39757.61,15.64,100.79,82.08,2763.09,0.465,2.4,33.22,63.87
2016-08-26,2361.85,48611.45,15.36,100.79,82.03,2761.79,0.439,2.74,33.56,64.02
2016-08-29,2177.32,44893.57,15.26,100.82,82.2,2778.72,0.492,2.78,30.76,64.13
2016-08-30,1584.69,32652.0,16.01,100.88,82.1,2771.94,0.522,2.64,35.04,64.09
2016-08-31,1962.7,40425.06,14.48,100.95,82.03,2790.0,0.545,2.72,32.98,64.06
2016-09-01,2052.01,42395.65,15.66,100.97,82.03,2789.17,0.502,3.03,37.99,64.26
2016-09-02,1797.56,37004.58,16.16,100.95,81.93,2795.63,0.549,2.9,37.55,64.03
2016-09-05,1753.43,36094.74,14.72,101.09,81.98,2798.17,0.459,2.66,38.8,64.03
2016-09-06,1900.37,39154.43,15.31,101.05,82.3,2810.89,0.449,2.56,44.01,64.08
2016-09-07,2681.18,55397.24,15.53,100.97,82.28,2814.06,0.498,2.75,35.33,64.26
2016-09-08,1836.21,38023.79,15.89,100.96,82.57,2807.48,0.512,2.77,34.73,64.41
2016-09-09,1288.77,26777.97,14.28,100.98,82.74,2792.66,0.499,2.88,35.72,64.63
2016-09-12,1376.16,28613.38,15.97,101.07,82.77,2803.6,0.438,2.73,34.34,64.67
2016-09-13,1706.34,35595.99,15.78,101.05,82.9,2792.16,0.497,2.88,31.76,64.89
2016-09-14,1304.41,27174.72,14.64,100.96,83.18,2785.46,0.461,3.1,27.85,64.8
2016-09-15,1719.75,35933.39,17.36,101.02,82.99,2781.18,0.52,2.93,28.06,64.99
2016-09-16,2587.17,54090.28,14.39,101.0,83.13,2776.24,0.511,2.8,29.33,65.03
2016-09-19,1564.44,32640.48,15.8,100.95,83.37,2776.38,0.472,2.79,28.69,64.89
2016-09-20,1343.15,28049.85,15.25,100.9,83.21,2779.98,0.485,2.76,26.59,64.96
2016-09-21,1673.63,34886.06,14.87,100.92,83.47,2775.69,0.468,2.99,28.14,64.83
2016-09-22,1724.81,35936.41,15.04,100.82,83.59,2788.07,0.498,2.72,25.91,64.8
2016-09-23,1372.49,28582.01,15.28,100.92,83.42,2791.92,0.529,2.83,23.0,64.77
2016-09-26,1282.14,26811.55,17.37,100.92,83.5,2800.71,0.47,2.83,23.39,65.04
2016-09-27,2243.95,46912.18,13.24,100.94,83.2,2799.64,0.515,2.75,20.66,65.03
2016-09-28,1958.78,40903.96,12.18,101.01,82.94,2801.67,0.484,2.62,22.82,64.95
2016-09-29,1595.58,33272.49,14.14,100.97,82.63,2799.77,0.476,2.87,24.88,64.86
2016-09-30,1327.21,27699.34,14.85,100.99,82.66,2789.4,0.497,2.82,23.69,64.91
2016-10-03,1578.86,33000.75,15.5,100.99,82.57,2780.93,0.469,2.9,24.83,65.01
2016-10-04,1308.82,27432.95,14.6,101.03,82.4,2775.84,0.483,2.75,21.16,65.19
2016-10-05,1555.8,32648.77,14.74,101.19,82.28,2780.33,0.464,3.01,24.22,65.27
2016-10-06,2528.73,53161.87,15.82,101.13,82.25,2782.41,0.559,2.7,20.94,65.39
2016-10-07,1879.78,39371.87,14.22,101.13,82.16,2781.05,0.501,3.09,24.09,65.15
2016-10-10,1557.08,32649.4,15.83,101.27,82.04,2789.39,0.479,2.57,20.94,65.22
2016-10-11,2051.15,42977.56,15.22,101.23,82.05,2786.3,0.506,2.9,22.25,65.17
2016-10-12,1477.88,30977.92,16.08,101.33,81.84,2780.3,0.497,2.91,23.66,65.2
2016-10-13,1663.88,34617.47,13.56,101.35,81.71,2784.27,0.493,2.72,20.21,64.71
2016-10-14,1133.63,23624.24,14.29,101.42,81.92,2794.61,0.518,2.9,20.93,64.82
2016-10-17,2308.5,48053.73,13.54,101.46,81.97,2798.84,0.523,3.03,22.99,64.75
2016-10-18,1728.56,36042.88,14.42,101.49,81.59,2795.81,0.484,2.51,20.06,64.86
2016-10-19,1513.03,31485.3,14.66,101.45,81.88,2796.52,0.483,2.92,17.62,64.72
2016-10-20,2058.14,42981.76,16.21,101.45,81.69,2814.86,0.492,2.47,24.48,64.96
2016-10-21,1405.16,29303.19,14.36,101.5,82.0,2804.93,0.431,2.7,19.2,64.86
2016-10-24,1444.36,30179.51,13.28,101.48,82.0,2808.26,0.455,3.09,20.4,64.99
2016-10-25,1660.96,34812.53,15.38,101.43,82.17,2791.82,0.541,2.76,22.35,65.19
2016-10-26,1325.86,27808.3,13.43,101.38,81.79,2787.66,0.549,2.68,18.78,65.24
2016-10-27,1515.88,31842.8,13.15,101.47,81.61,2788.25,0.493,2.82,17.95,65.34
2016-10-28,1720.3,36178.02,15.31,101.58,81.46,2792.6,0.517,3.17,20.44,65.41
2016-10-31,1726.81,36349.53,13.26,101.54,81.32,2794.97,0.509,2.58,16.31,65.47
2016-11-01,1289.16,27125.67,13.63,101.55,81.14,2802.17,0.592,2.7,19.29,65.45
2016-11-02,1682.92,35404.72,15.76,101.63,80.98,2785.58,0.534,3.08,20.34,65.43
2016-11-03,2018.77,42494.77,14.89,101.66,80.93,2786.78,0.496,3.14,19.28,65.47
2016-11-04,2071.09,43527.14,14.55,101.67,80.78,2796.51,0.471,2.85,16.71,65.37
2016-11-07,1610.68,33852.22,13.0,101.72,80.72,2796.04,0.452,2.68,22.97,65.37
2016-11-08,1741.46,36513.46,15.16,101.66,80.76,2788.35,0.506,3.18,19.97,65.22
2016-11-09,1754.68,36744.35,14.36,101.63,80.38,2775.36,0.477,3.11,22.61,65.13
2016-11-10,1316.1,27512.9,13.88,101.69,80.3,2765.19,0.457,2.97,19.21,65.02
2016-11-11,1614.15,33824.3,14.39,101.71,80.08,2767.26,0.481,2.75,17.95,65.18
2016-11-14,2149.86,45068.87,14.3,101.74,80.03,2761.1,0.468,2.86,20.24,65.2
2016-11-15,2151.24,45052.61,12.89,101.76,80.12,2756.63,0.551,2.85,19.25,65.14
2016-11-16,1998.14,41888.12,15.04,101.69,79.81,2764.19,0.526,2.92,17.32,65.2
2016-11-17,844.54,17745.16,15.57,101.72,79.7,2751.13,0.5,3.09,22.6,65.35
2016-11-18,1528.76,32103.85,13.75,101.81,79.86,2759.14,0.544,3.01,18.41,65.32
2016-11-21,1961.4,41220.07,14.48,101.85,80.04,2762.98,0.502,2.72,15.96,65.37
2016-11-22,2434.07,51022.43,15.31,101.9,79.9,2761.62,0.474,3.09,22.28,65.2
2016-11-23,1755.07,36711.67,12.53,101.86,80.05,2747.7,0.546,2.93,18.61,65.06
2016-11-24,1815.73,37957.23,13.72,101.85,80.08,2745.89,0.516,2.98,18.39,65.02
2016-11-25,1715.46,35881.76,12.19,101.83,80.06,2751.03,0.469,3.1,16.07,65.06
2016-11-28,1253.01,26171.53,14.85,101.81,79.93,2737.27,0.494,2.72,23.07,64.97
2016-11-29,1844.95,38624.64,14.44,101.78,79.95,2736.81,0.474,2.88,17.0,65.12
2016-11-30,1174.71,24500.7,13.56,101.83,80.06,2736.82,0.459,2.81,19.68,64.87
2016-12-01,1699.68,35456.87,14.01,101.87,79.89,2716.59,0.528,2.65,21.38,64.88
2016-12-02,1763.0,36806.82,14.08,101.93,79.96,2708.71,0.557,2.94,20.39,64.94
2016-12-05,1760.09,36777.53,12.75,102.04,79.7,2713.51,0.458,3.27,19.42,64.99
2016-12-06,1239.48,25843.53,15.03,102.06,79.43,2711.5,0.517,2.62,16.12,64.85
2016-12-07,1485.12,30878.26,14.41,102.1,79.51,2724.95,0.48,2.89,17.9,64.67
2016-12-08,2005.05,41667.59,14.23,102.12,79.43,2737.24,0.485,2.99,19.88,64.64
2016-12-09,1769.79,36903.09,14.0,102.03,79.24,2727.5,0.482,2.91,17.93,64.86
2016-12-12,1520.96,31717.65,14.8,101.98,79.28,2714.8,0.474,2.88,19.9,64.86
2016-12-13,1384.32,28938.97,12.65,102.01,79.39,2722.69,0.501,2.7,20.84,65.02
2016-12-14,2087.41,43545.89,13.53,101.99,79.36,2724.96,0.475,2.94,21.4,64.89
2016-12-15,1788.72,37413.38,14.21,102.0,79.63,2732.49,0.508,2.79,17.01,65.06
2016-12-16,1332.79,27744.88,15.24,101.92,79.46,2738.27,0.498,2.57,23.85,64.75
2016-12-19,1698.43,35486.66,12.38,101.95,79.29,2741.1,0.493,3.08,20.98,64.99
2016-12-20,1491.67,31170.43,15.27,101.94,79.45,2735.44,0.473,3.05,19.43,65.0
2016-12-21,1922.23,40295.05,13.75,101.96,79.21,2742.39,0.483,2.91,21.6,65.2
2016-12-22,2272.42,47768.84,14.29,101.98,79.32,2758.23,0.523,2.94,24.15,65.38
2016-12-23,1393.92,29386.33,14.18,101.89,78.97,2751.79,0.515,3.07,16.53,65.57
2016-12-26,1860.23,39326.14,13.08,101.96,78.74,2766.47,0.471,2.94,18.95,65.75
2016-12-27,1851.89,39210.87,12.78,101.9,78.67,2765.54,0.503,3.05,14.63,65.86
2016-12-28,1024.56,21664.17,14.21,101.89,78.56,2768.92,0.523,2.87,19.76,65.77
2016-12-29,2136.26,45185.62,15.92,101.87,78.83,2765.23,0.45,3.11,20.1,65.79
2016-12-30,2594.08,54793.91,13.21,101.94,78.61,2758.75,0.516,2.96,19.28,65.7
2017-01-02,1868.27,39372.87,13.09,101.95,78.57,2769.07,0.48,2.95,18.04,65.55
2017-01-03,2324.79,48987.32,12.45,102.02,78.57,2760.8,0.517,2.73,15.24,65.54
2017-01-04,1415.9,29872.09,13.8,102.04,78.51,2764.23,0.477,2.96,20.07,65.62
2017-01-05,1609.19,33910.73,13.08,102.04,78.7,2762.31,0.446,2.8,22.23,65.54
2017-01-06,1897.3,39918.84,12.97,102.0,78.56,2779.53,0.451,2.83,18.12,65.44
2017-01-09,1553.62,32693.39,14.11,101.98,78.42,2776.71,0.501,2.8,20.18,65.45
2017-01-10,1878.93,39354.26,12.3,101.99,78.19,2773.48,0.508,2.76,16.15,65.15
2017-01-11,2268.91,47597.56,15.77,102.02,78.33,2786.49,0.473,3.24,20.19,65.25
2017-01-12,1562.56,32828.59,13.1,101.99,78.35,2784.69,0.519,3.13,18.48,65.35
2017-01-13,2247.87,47349.84,15.19,102.08,78.37,2779.78,0.45,3.22,17.73,65.52
2017-01-16,1154.7,24290.41,15.52,102.11,78.38,2786.59,0.498,2.75,17.72,65.43
2017-01-17,1664.28,35093.08,15.06,102.05,78.12,2792.28,0.464,2.94,18.45,65.58
2017-01-18,1796.08,37917.02,14.79,102.14,78.19,2794.17,0.48,2.74,19.99,65.66
2017-01-19,1513.53,32003.05,14.47,102.05,78.22,2789.89,0.501,2.83,16.59,65.77
2017-01-20,1659.95,35106.77,14.04,102.08,78.47,2791.94,0.474,2.8,18.41,65.78
2017-01-23,2380.13,50567.09,15.27,102.06,78.52,2800.4,0.488,3.12,19.11,66.08
2017-01-24,2304.07,48998.56,13.51,102.16,78.33,2801.67,0.53,2.88,16.98,66.14
2017-01-25,2110.12,44912.09,14.98,102.22,78.24,2816.17,0.483,3.1,22.76,66.2
2017-01-26,2207.52,46971.28,14.81,102.16,78.56,2810.63,0.525,3.03,17.45,66.18
2017-01-27,1608.25,34224.6,14.42,102.22,78.29,2788.55,0.466,3.29,17.81,66.19
2017-01-30,1353.54,28801.97,13.25,102.11,77.99,2796.94,0.516,2.72,17.18,66.19
2017-01-31,1543.36,32884.03,14.56,102.17,78.0,2809.1,0.543,3.13,22.72,66.27
2017-02-01,1577.68,33633.82,13.6,102.17,78.25,2810.2,0.426,3.12,20.22,66.31
2017-02-02,1586.16,33754.17,12.96,102.13,78.23,2822.27,0.476,2.8,17.23,66.19
2017-02-03,2027.9,43204.01,14.57,102.19,77.97,2811.4,0.517,3.1,21.3,66.27
2017-02-06,1959.64,41866.96,13.86,102.25,78.37,2815.72,0.494,3.0,19.48,66.45
2017-02-07,1785.69,38020.02,14.34,102.27,78.18,2813.99,0.511,2.92,19.58,66.22
2017-02-08,1804.07,38459.46,13.68,102.29,78.31,2811.25,0.482,2.83,18.37,66.31
2017-02-09,2247.7,47852.34,14.11,102.32,78.56,2825.2,0.503,2.84,17.54,66.22
2017-02-10,1386.38,29474.61,15.38,102.31,78.55,2829.26,0.495,3.26,19.71,66.13
2017-02-13,2151.13,45665.32,13.54,102.35,78.63,2812.02,0.535,2.95,17.93,66.03
2017-02-14,1086.7,23087.59,13.72,102.25,78.89,2817.66,0.508,3.07,22.64,66.08
2017-02-15,1648.42,35098.85,14.04,102.05,78.61,2835.04,0.51,2.84,16.46,66.23
2017-02-16,2426.78,51656.7,11.71,102.08,78.73,2821.53,0.488,2.84,22.06,66.21
2017-02-17,1969.37,41871.99,14.68,102.12,78.93,2808.3,0.485,3.12,18.75,66.13
2017-02-20,1675.74,35617.4,13.02,102.08,79.14,2803.53,0.487,2.76,19.56,66.11
2017-02-21,2199.83,46769.84,15.52,102.03,79.03,2792.11,0.512,2.9,20.62,66.13
2017-02-22,2062.93,43716.76,14.62,102.11,79.08,2791.92,0.487,2.97,17.68,65.91
2017-02-23,2071.21,43972.74,14.95,102.09,78.93,2792.88,0.509,2.98,20.65,66.03
2017-02-24,1767.4,37441.55,14.51,102.06,78.78,2807.29,0.562,2.94,13.5,65.89
2017-02-27,2174.63,46004.78,13.57,102.01,78.56,2827.16,0.526,3.03,17.46,65.8
2017-02-28,1590.39,33760.71,13.75,102.06,78.65,2815.98,0.49,3.07,17.04,66.03
2017-03-01,1532.46,32380.81,12.52,101.94,78.66,2827.18,0.536,3.08,16.37,65.72
2017-03-02,2467.47,52053.23,15.23,101.93,78.85,2832.99,0.488,2.82,18.43,65.62
2017-03-03,1630.09,34409.08,12.79,101.9,78.34,2834.64,0.439,2.93,19.62,65.66
2017-03-06,1084.29,22864.21,14.11,101.89,78.13,2844.04,0.47,3.15,20.25,65.59
2017-03-07,2241.3,47170.37,15.09,101.94,78.16,2838.08,0.444,3.11,19.31,65.46
2017-03-08,2326.28,49265.11,14.93,101.92,78.47,2840.65,0.489,2.77,17.49,65.87
2017-03-09,1742.23,36903.47,13.56,101.91,78.29,2836.89,0.501,3.03,19.54,65.88
2017-03-10,1065.72,22599.09,12.0,101.8,77.91,2836.54,0.55,2.68,19.04,65.96
2017-03-13,1840.16,39236.71,14.07,101.78,77.76,2851.39,0.51,2.99,20.65,66.32
2017-03-14,2649.91,56616.4,14.37,101.72,77.71,2856.96,0.493,3.26,20.32,66.45
2017-03-15,1973.53,42204.91,14.02,101.74,77.84,2855.28,0.525,2.84,18.82,66.52
2017-03-16,2191.52,46960.81,13.36,101.73,78.03,2848.54,0.434,2.86,16.95,66.65
2017-03-17,2199.93,46982.72,13.75,101.71,78.14,2856.71,0.507,3.1,17.43,66.43
2017-03-20,2256.4,48197.09,12.97,101.73,78.09,2857.14,0.523,2.75,17.63,66.44
2017-03-21,2588.51,55361.9,13.87,101.68,78.48,2848.61,0.456,2.89,18.09,66.52
2017-03-22,2285.99,48959.39,14.7,101.62,78.31,2856.72,0.534,3.08,19.24,66.61
2017-03-23,1869.98,40022.45,14.14,101.47,78.28,2848.74,0.51,2.89,20.13,66.57
2017-03-24,1503.4,32130.48,13.91,101.47,78.37,2853.34,0.488,2.95,18.59,66.47
2017-03-27,2076.79,44270.63,15.08,101.48,78.24,2858.84,0.519,3.1,18.71,66.3
2017-03-28,1850.66,39519.27,14.32,101.48,78.16,2860.88,0.568,3.05,18.96,66.42
2017-03-29,2155.52,46146.72,14.0,101.45,78.26,2872.4,0.505,3.03,17.64,66.59
2017-03-30,1584.09,33914.41,13.86,101.52,78.05,2869.22,0.507,2.94,16.81,66.59
2017-03-31,1803.63,38700.2,12.6,101.48,77.98,2865.71,0.486,3.05,15.15,66.74
2017-04-03,1925.38,41231.81,12.79,101.59,77.92,2871.38,0.475,2.98,17.26,66.61
2017-04-04,1562.1,33333.5,13.89,101.58,78.34,2876.69,0.525,3.07,19.6,66.37
2017-04-05,1894.14,40417.08,13.13,101.54,78.48,2886.76,0.474,2.92,17.25,66.37
2017-04-06,2203.47,47021.36,13.93,101.52,78.32,2888.65,0.502,2.97,18.18,66.37
2017-04-07,2606.28,55849.81,14.68,101.52,78.44,2893.62,0.486,2.85,19.59,66.65
2017-04-10,1632.29,35038.9,14.61,101.55,78.2,2907.46,0.514,3.0,19.7,66.77
2017-04-11,2216.1,47419.34,13.99,101.67,78.26,2901.56,0.51,2.88,16.51,66.55
2017-04-12,1122.95,23966.53,14.48,101.68,77.91,2899.21,0.531,2.84,20.68,66.38
2017-04-13,1863.93,39772.04,14.82,101.73,78.03,2907.73,0.485,3.04,20.95,66.37
2017-04-14,1892.29,40345.78,14.55,101.79,77.98,2904.37,0.492,3.04,16.46,66.32
2017-04-17,2145.87,45579.18,14.62,101.82,77.69,2897.02,0.471,3.12,17.09,66.07
2017-04-18,1673.39,35557.76,12.65,101.94,77.75,2892.24,0.487,2.94,21.15,66.09
2017-04-19,1945.94,41340.5,11.97,101.92,77.89,2894.32,0.511,3.07,18.51,66.08
2017-04-20,2242.24,47688.92,12.77,101.89,77.95,2904.18,0.523,3.09,14.4,66.15
2017-04-21,1402.98,29819.73,13.21,101.82,77.96,2909.18,0.472,3.08,16.09,66.11
2017-04-24,1109.5,23637.31,14.47,101.81,77.68,2917.97,0.526,2.89,18.44,66.26
2017-04-25,2205.92,47087.12,13.57,101.69,77.81,2928.63,0.541,3.04,16.68,66.39
2017-04-26,1423.15,30379.25,13.3,101.73,77.36,2936.0,0.512,3.07,18.25,66.4
2017-04-27,1968.73,41923.73,13.92,101.69,77.23,2940.81,0.556,3.02,19.23,66.23
2017-04-28,2527.4,53788.8,14.15,101.74,77.59,2939.25,0.477,2.7,22.19,66.2
2017-05-01,2100.13,44857.89,14.47,101.76,77.3,2943.08,0.463,3.04,18.8,66.44
2017-05-02,1462.68,31203.46,13.78,101.7,76.93,2956.19,0.447,3.35,21.66,66.35
2017-05-03,1257.51,26837.58,13.07,101.83,76.72,2969.87,0.545,2.97,22.52,66.38
2017-05-04,1507.95,32160.67,13.22,101.78,76.77,2976.98,0.52,2.91,22.7,66.34
2017-05-05,1854.72,39500.43,13.96,101.74,76.72,2975.46,0.498,3.08,20.6,66.24
2017-05-08,1685.32,35974.74,12.69,101.72,76.89,2975.4,0.508,3.07,16.34,66.39
2017-05-09,2292.9,49030.91,14.9,101.75,76.88,2976.96,0.466,3.2,21.44,66.51
2017-05-10,2028.42,43476.7,12.92,101.69,76.64,2989.06,0.573,2.84,22.92,66.67
2017-05-11,1510.09,32227.13,12.7,101.74,76.8,3007.39,0.504,3.14,20.99,66.38
2017-05-12,2099.0,44728.43,14.44,101.76,76.66,3019.75,0.503,3.12,25.03,66.28
2017-05-15,2355.43,50363.19,13.81,101.75,76.76,3005.13,0.522,3.01,23.7,66.5
2017-05-16,1680.6,35934.66,14.62,101.69,77.01,3009.3,0.514,3.08,23.61,66.51
2017-05-17,1990.8,42561.64,13.84,101.7,77.08,3011.88,0.507,3.18,25.22,66.5
2017-05-18,1490.79,31777.6,14.56,101.69,77.3,3010.95,0.476,3.16,24.35,66.3
2017-05-19,1751.97,37288.39,14.59,101.57,77.04,3023.67,0.514,2.86,19.43,66.2
2017-05-22,1501.39,31990.41,13.58,101.6,76.93,3021.63,0.556,3.16,24.25,66.27
2017-05-23,2281.0,48624.34,14.76,101.54,76.94,3015.64,0.54,3.02,28.59,66.3
2017-05-24,1641.07,35132.06,15.74,101.53,76.68,3013.42,0.548,3.05,25.65,66.59
2017-05-25,1993.26,42701.84,15.06,101.48,76.92,3029.95,0.485,3.05,28.04,66.63
2017-05-26,2051.25,43952.71,13.5,101.46,77.13,3042.33,0.47,3.01,27.78,66.65
2017-05-29,2997.12,64020.69,15.11,101.44,77.2,3049.35,0.496,3.22,35.0,66.44
2017-05-30,1743.05,37435.21,13.53,101.42,77.29,3055.85,0.502,3.03,36.57,66.8
2017-05-31,1542.26,33055.7,13.11,101.39,77.24,3055.59,0.533,2.87,29.63,66.67
2017-06-01,1768.06,38003.81,15.64,101.36,77.01,3046.38,0.449,2.98,30.1,66.86
2017-06-02,1484.74,31834.34,14.57,101.42,76.87,3048.56,0.546,3.07,27.03,66.69
2017-06-05,1664.12,35809.53,15.8,101.45,76.79,3052.91,0.495,3.23,28.37,66.93
2017-06-06,2109.45,45325.59,14.58,101.49,76.81,3044.14,0.487,3.13,27.05,66.83
2017-06-07,1583.04,33929.61,13.55,101.57,76.76,3040.34,0.47,2.92,26.68,66.66
2017-06-08,2038.95,43488.83,14.34,101.54,76.8,3053.46,0.45,3.42,24.86,66.34
2017-06-09,2062.36,44123.99,14.58,101.57,76.51,3061.11,0.525,3.09,29.3,66.55
2017-06-12,1915.59,41096.7,15.93,101.54,76.34,3056.12,0.502,3.24,20.7,66.73
2017-06-13,2074.06,44593.1,14.34,101.49,76.35,3058.62,0.461,3.03,18.73,66.87
2017-06-14,1749.83,37849.63,13.24,101.57,76.52,3053.56,0.461,3.13,20.84,67.28
2017-06-15,1125.61,24407.68,13.52,101.52,76.18,3058.04,0.49,3.18,18.02,67.44
2017-06-16,1885.64,40966.27,14.11,101.67,76.22,3047.4,0.55,3.23,17.75,67.57
2017-06-19,1877.19,40648.55,12.79,101.81,76.34,3044.54,0.492,3.21,18.36,67.35
2017-06-20,1706.44,36986.99,13.78,101.69,76.3,3038.28,0.455,3.18,18.19,67.42
2017-06-21,2076.42,45005.34,13.42,101.74,76.29,3041.65,0.493,3.01,17.84,67.42
2017-06-22,2105.67,45579.68,14.23,101.7,76.19,3052.75,0.492,2.97,20.52,67.33
2017-06-23,1918.52,41579.4,13.69,101.73,76.16,3071.28,0.419,3.11,18.24,67.41
2017-06-26,1885.03,40935.23,12.7,101.75,76.06,3069.28,0.498,3.2,18.69,67.54
2017-06-27,2286.51,49722.04,13.9,101.6,75.75,3059.07,0.493,3.02,20.65,67.64
2017-06-28,1408.71,30568.61,14.58,101.61,75.99,3058.16,0.521,3.22,17.17,67.49
2017-06-29,1696.54,36815.89,15.32,101.69,76.03,3071.97,0.555,3.28,18.02,67.5
2017-06-30,2160.17,46705.74,14.67,101.71,75.9,3067.33,0.534,2.92,19.15,67.25
2017-07-03,1981.1,42752.18,12.12,101.82,76.14,3077.43,0.492,2.94,14.42,67.12
2017-07-04,1690.69,36373.88,12.34,101.78,76.06,3073.26,0.467,3.04,13.43,66.92
2017-07-05,1945.18,41897.21,13.0,101.9,76.16,3066.61,0.577,3.11,18.79,66.99
2017-07-06,1609.35,34820.2,15.25,101.9,75.81,3062.06,0.502,2.99,19.0,67.3
2017-07-07,1872.3,40418.58,14.83,101.82,75.67,3064.78,0.5,3.27,22.06,67.15
2017-07-10,2070.0,44613.68,16.35,101.86,75.86,3067.91,0.499,3.13,18.18,67.04
2017-07-11,2290.57,49268.6,15.09,101.97,76.12,3072.13,0.506,3.07,19.44,66.9
2017-07-12,2049.84,44074.06,13.7,101.98,76.47,3073.73,0.496,2.85,17.35,66.88
2017-07-13,2313.79,49877.17,13.27,102.0,76.72,3079.96,0.483,2.87,18.28,67.05
2017-07-14,1319.67,28478.01,14.31,102.01,77.05,3079.08,0.484,3.11,20.97,67.12
2017-07-17,1012.03,21997.67,14.05,101.88,76.89,3087.08,0.499,2.75,13.34,67.61
2017-07-18,1017.67,22166.89,15.0,102.01,76.6,3096.11,0.484,3.22,18.37,67.75
2017-07-19,2230.68,48591.76,13.72,102.12,76.11,3099.49,0.479,3.05,21.77,67.75
2017-07-20,2053.52,44750.5,16.24,102.22,76.1,3096.07,0.503,3.56,18.03,67.78
2017-07-21,1563.63,34049.54,14.23,102.25,76.03,3090.79,0.492,3.42,20.73,67.73
2017-07-24,1670.76,36342.93,14.74,102.26,76.31,3095.92,0.545,3.05,16.14,67.66
2017-07-25,1935.73,41971.09,14.09,102.24,76.25,3098.37,0.42,3.06,17.3,67.44
2017-07-26,1504.52,32594.53,13.61,102.34,76.54,3079.78,0.533,3.23,17.4,67.38
2017-07-27,1450.73,31401.85,11.98,102.4,76.21,3071.82,0.537,3.33,12.87,67.33
2017-07-28,1507.26,32641.24,12.44,102.33,76.54,3069.83,0.438,2.83,14.94,67.36
2017-07-31,1449.35,31340.53,14.59,102.31,76.5,3064.38,0.49,2.81,15.06,67.26
2017-08-01,1734.35,37548.58,14.53,102.33,76.75,3070.16,0.489,2.99,18.87,67.34
2017-08-02,2333.2,50460.53,14.49,102.3,76.93,3066.91,0.458,3.17,18.95,67.27
2017-08-03,1337.58,28878.65,15.25,102.35,76.74,3062.13,0.477,3.16,17.83,67.15
2017-08-04,1692.5,36563.02,13.06,102.47,76.89,3080.4,0.467,3.24,18.8,67.19
2017-08-07,1874.03,40477.06,13.14,102.6,76.75,3075.19,0.553,2.9,16.81,67.18
2017-08-08,1910.8,41555.55,13.29,102.64,76.91,3077.18,0.528,2.74,19.52,67.64
2017-08-09,1519.97,32993.79,12.78,102.59,77.01,3073.58,0.538,3.21,17.11,67.52
2017-08-10,1935.19,42095.24,13.02,102.65,77.07,3072.93,0.522,2.96,17.18,67.66
2017-08-11,1880.31,40898.21,12.57,102.58,77.02,3069.87,0.466,2.79,16.52,67.65
2017-08-14,1573.2,34413.85,12.4,102.56,76.96,3072.52,0.484,3.11,18.4,68.04
2017-08-15,1234.05,27039.88,12.97,102.52,76.95,3076.19,0.515,3.21,16.16,68.15
2017-08-16,1301.4,28466.38,13.79,102.51,76.45,3086.99,0.463,3.07,18.94,68.03
2017-08-17,1992.02,43622.22,15.14,102.53,76.63,3083.83,0.521,3.02,14.7,68.11
2017-08-18,2241.79,48882.26,12.56,102.6,76.6,3095.2,0.493,3.07,14.75,67.82
2017-08-21,1729.72,37686.68,14.72,102.63,76.62,3078.78,0.489,3.04,18.3,67.77
2017-08-22,2216.09,48354.99,13.72,102.53,76.42,3089.81,0.521,2.89,16.73,67.87
2017-08-23,1676.18,36662.2,13.93,102.57,76.46,3081.59,0.513,2.99,15.98,68.03
2017-08-24,1287.81,28189.58,13.94,102.62,76.35,3079.7,0.489,3.17,18.65,68.08
2017-08-25,1628.73,35625.59,11.88,102.68,76.64,3091.87,0.535,3.14,15.63,68.03
2017-08-28,2255.92,49435.04,12.67,102.64,76.34,3108.23,0.468,3.12,16.43,68.16
2017-08-29,1478.97,32321.4,14.1,102.63,76.57,3115.0,0.518,2.95,19.61,67.97
2017-08-30,1639.22,35842.54,13.79,102.61,76.39,3125.12,0.518,3.07,19.87,68.01
2017-08-31,2128.93,46605.5,12.03,102.67,76.45,3124.94,0.491,2.77,19.92,68.09
2017-09-01,2109.52,46148.65,13.39,102.56,76.38,3147.1,0.51,3.13,16.19,68.04
2017-09-04,1799.66,39350.16,14.43,102.53,76.16,3133.94,0.462,3.32,19.2,68.01
2017-09-05,1877.16,41131.08,12.15,102.62,75.73,3146.79,0.528,2.88,14.82,68.15
2017-09-06,2067.02,45325.87,13.01,102.59,75.86,3141.36,0.494,3.01,14.88,68.2
2017-09-07,1778.69,39020.28,14.66,102.68,75.49,3146.57,0.484,3.15,11.98,68.23
2017-09-08,2184.66,48051.59,14.34,102.73,75.38,3158.09,0.531,3.29,20.0,68.41
2017-09-11,1970.27,43500.1,14.66,102.62,75.62,3154.85,0.479,3.04,14.91,68.67
2017-09-12,1649.58,36506.66,13.0,102.57,75.86,3167.45,0.458,3.0,16.37,68.83
2017-09-13,1839.02,40639.03,14.17,102.69,75.9,3175.48,0.453,2.81,14.78,68.73
2017-09-14,1532.81,33835.49,12.74,102.59,75.55,3179.63,0.518,3.12,17.97,68.66
2017-09-15,1343.76,29617.43,14.53,102.55,75.5,3190.59,0.462,3.41,15.81,68.55
2017-09-18,1260.46,27839.99,12.79,102.56,75.49,3205.33,0.553,3.15,13.93,68.7
2017-09-19,1592.79,35268.65,13.98,102.58,75.31,3213.81,0.438,3.11,17.41,68.87
2017-09-20,1795.24,39769.4,13.82,102.68,75.55,3210.8,0.551,3.16,13.64,68.9
2017-09-21,2357.53,52194.63,14.03,102.63,75.57,3218.65,0.506,3.11,14.81,68.86
2017-09-22,1871.36,41453.26,12.14,102.64,75.61,3221.58,0.497,2.99,12.25,68.9
2017-09-25,1804.61,39851.79,13.47,102.68,75.56,3211.84,0.484,3.24,13.6,68.69
2017-09-26,1701.45,37567.61,13.34,102.67,75.27,3214.94,0.512,3.15,16.79,68.68
2017-09-27,1600.82,35196.23,14.16,102.61,75.05,3218.66,0.499,3.12,12.48,68.39
2017-09-28,1774.2,39014.17,12.33,102.59,74.83,3212.22,0.533,2.97,13.43,68.4
2017-09-29,1657.14,36383.59,12.16,102.52,75.05,3211.67,0.503,3.31,16.37,68.29
2017-10-02,1655.63,36385.98,11.68,102.52,75.03,3199.59,0.505,3.22,15.26,68.36
2017-10-03,2063.68,45356.76,13.02,102.59,75.1,3200.58,0.489,3.03,20.32,68.36
2017-10-04,1442.68,31727.9,13.14,102.56,75.15,3195.94,0.498,3.27,19.98,68.4
2017-10-05,1655.13,36451.64,12.7,102.6,75.21,3185.82,0.509,3.04,14.56,68.5
2017-10-06,1536.19,33806.39,12.91,102.48,75.51,3193.86,0.449,3.0,17.39,68.45
2017-10-09,1858.5,40770.82,14.51,102.37,75.66,3191.6,0.46,3.01,17.75,68.23
2017-10-10,2105.11,46170.58,12.82,102.44,75.69,3177.2,0.522,2.85,15.04,68.22
2017-10-11,1925.59,42196.56,14.18,102.44,75.7,3181.31,0.505,3.19,13.22,68.16
2017-10-12,1729.81,38024.92,13.43,102.46,75.96,3165.18,0.494,2.85,16.17,68.37
2017-10-13,2151.94,47169.38,12.25,102.37,75.58,3153.94,0.501,2.94,15.83,68.18
2017-10-16,2107.81,46014.87,12.94,102.32,75.82,3155.34,0.51,2.81,15.29,67.9
2017-10-17,1806.72,39379.91,14.67,102.39,75.69,3152.73,0.484,3.11,17.02,67.79
2017-10-18,2374.86,51831.1,14.02,102.39,75.76,3156.16,0.477,3.1,14.62,67.88
2017-10-19,1925.01,42071.61,14.13,102.43,75.68,3156.03,0.506,3.08,13.79,67.98
2017-10-20,1937.39,42326.19,13.62,102.43,75.66,3154.19,0.471,2.97,16.3,67.95
2017-10-23,1328.54,29038.36,12.73,102.5,75.59,3159.61,0.512,2.95,16.83,67.98
2017-10-24,1147.7,25035.59,14.6,102.47,74.84,3156.18,0.449,3.2,13.69,67.85
2017-10-25,1803.36,39426.69,13.73,102.33,74.58,3149.04,0.531,3.05,17.88,68.0
2017-10-26,2145.6,46886.86,13.84,102.27,74.39,3146.6,0.514,3.18,12.46,67.97
2017-10-27,1916.59,41956.49,13.05,102.31,74.09,3152.34,0.508,3.0,14.83,68.09
2017-10-30,2147.25,46915.6,12.21,102.32,73.68,3162.93,0.529,3.16,15.45,67.96
2017-10-31,1606.26,35092.85,13.56,102.31,73.75,3159.08,0.55,3.33,14.67,67.95
2017-11-01,1782.51,38963.04,14.62,102.38,73.51,3149.55,0.53,3.22,14.79,67.99
2017-11-02,1777.6,38696.79,14.03,102.34,73.49,3151.83,0.445,3.07,19.65,67.71
2017-11-03,1094.36,23830.88,13.57,102.27,73.69,3166.47,0.462,3.17,14.18,67.73
2017-11-06,2432.71,52940.54,12.57,102.33,73.43,3173.92,0.481,3.1,20.75,67.69
2017-11-07,2214.5,48177.69,14.56,102.29,73.36,3186.5,0.501,3.14,16.72,67.67
2017-11-08,2122.87,46270.69,14.39,102.3,73.55,3189.46,0.516,3.09,16.01,67.79
2017-11-09,2231.91,48596.71,11.65,102.21,73.44,3200.21,0.478,3.11,16.76,67.72
2017-11-10,1593.83,34712.89,14.47,102.12,73.33,3209.52,0.506,3.17,20.84,67.74
2017-11-13,2040.58,44358.41,12.85,102.08,72.86,3216.22,0.477,2.99,13.78,67.61
2017-11-14,1572.9,34235.66,13.34,102.22,73.09,3225.65,0.482,2.99,13.5,67.7
2017-11-15,1773.2,38539.68,12.43,102.25,72.99,3223.0,0.458,2.93,14.22,67.6
2017-11-16,1096.18,23844.23,13.3,102.23,72.68,3232.69,0.472,2.9,15.77,67.66
2017-11-17,1680.69,36541.32,12.02,102.21,72.8,3222.18,0.459,2.96,12.23,67.62
2017-11-20,1187.46,25887.68,12.69,102.22,72.67,3215.89,0.471,3.16,15.71,67.81
2017-11-21,1319.35,28744.29,13.93,102.23,72.61,3213.37,0.532,3.01,19.03,67.76
2017-11-22,1768.34,38593.32,12.72,102.27,72.43,3216.99,0.472,3.22,15.93,67.88
2017-11-23,1499.25,32801.68,13.64,102.4,72.53,3222.13,0.579,3.15,15.02,68.05
2017-11-24,1879.65,41085.24,13.0,102.38,72.62,3227.96,0.515,2.85,14.35,67.99
2017-11-27,2396.91,52306.03,15.51,102.54,72.48,3223.14,0.506,3.24,17.36,67.87
2017-11-28,1542.94,33657.97,12.63,102.42,72.43,3223.8,0.474,3.27,13.9,67.85
2017-11-29,1706.35,37206.68,13.06,102.44,72.69,3226.16,0.521,3.0,19.22,67.82
2017-11-30,2043.54,44682.0,12.97,102.39,72.68,3217.38,0.483,3.21,19.37,68.01
2017-12-01,1557.73,34193.29,14.52,102.42,72.54,3232.94,0.504,3.02,16.0,68.27
2017-12-04,1555.38,34122.15,13.54,102.34,72.77,3233.01,0.577,3.16,15.44,68.24
2017-12-05,1658.94,36342.99,13.2,102.3,72.59,3236.92,0.497,2.96,17.51,68.14
2017-12-06,2152.71,46926.3,13.91,102.3,72.56,3230.74,0.534,2.88,17.62,67.8
2017-12-07,1155.55,25141.18,12.33,102.22,72.27,3233.62,0.479,3.09,13.8,67.67
2017-12-08,1492.2,32387.92,11.86,102.41,72.04,3226.45,0.499,3.13,14.33,67.51
2017-12-11,2375.79,51528.99,13.22,102.48,71.88,3235.66,0.553,3.09,12.72,67.46
2017-12-12,800.0,17349.94,13.29,102.53,71.95,3234.35,0.481,2.97,16.17,67.46
2017-12-13,1769.91,38256.42,12.69,102.55,72.1,3217.84,0.554,3.09,16.66,67.23
2017-12-14,2391.78,51654.08,13.42,102.58,71.97,3211.13,0.521,3.19,12.61,67.17
2017-12-15,2508.24,54118.76,14.88,102.57,72.07,3216.02,0.483,3.14,14.38,67.11
2017-12-18,2099.77,45393.68,13.61,102.59,72.0,3224.63,0.519,3.18,12.57,67.24
2017-12-19,2264.01,49022.87,11.43,102.57,72.09,3223.49,0.529,3.05,13.45,67.35
2017-12-20,1486.06,32156.24,14.85,102.51,71.89,3219.02,0.519,3.33,16.33,67.3
2017-12-21,1487.8,32293.92,14.94,102.5,71.89,3222.22,0.453,2.98,13.74,67.51
2017-12-22,2443.46,53344.67,13.81,102.59,71.81,3222.14,0.478,3.23,14.59,67.9
2017-12-25,1686.21,36891.09,13.45,102.61,71.79,3211.69,0.493,3.33,11.91,68.05
2017-12-26,1098.65,24082.08,11.96,102.71,72.24,3212.88,0.498,3.23,15.52,68.18
2017-12-27,1944.08,42643.42,12.48,102.77,72.25,3197.2,0.519,3.13,15.04,68.23
2017-12-28,1719.19,37550.36,12.81,102.91,72.49,3193.34,0.505,3.08,13.65,67.94
2017-12-29,1825.81,39846.14,12.7,102.92,72.66,3178.98,0.46,3.31,14.71,67.88
2018-01-01,911.68,19875.01,12.62,102.93,72.31,3178.93,0.511,2.94,15.43,67.81
2018-01-02,817.34,17791.25,13.12,102.91,72.34,3170.93,0.518,3.01,13.42,67.7
2018-01-03,1890.6,41152.09,12.42,102.98,72.51,3170.47,0.517,3.1,12.08,67.7
2018-01-04,1690.15,36830.52,15.05,102.96,72.16,3176.38,0.532,3.34,18.62,67.78
2018-01-05,1642.39,35825.98,13.3,103.0,71.95,3164.79,0.525,3.22,13.75,67.85
2018-01-08,1942.68,42520.58,13.65,102.89,72.6,3162.58,0.514,3.01,14.84,68.08
2018-01-09,1522.48,33457.1,13.81,102.87,72.57,3147.94,0.498,3.11,17.07,68.35
2018-01-10,1741.19,38101.32,13.91,102.95,72.44,3153.17,0.45,3.07,22.13,68.06
2018-01-11,1635.88,35776.12,13.0,102.99,72.4,3151.33,0.513,3.05,12.6,68.02
2018-01-12,2153.04,47056.73,14.17,103.07,72.19,3142.84,0.506,3.31,16.01,67.98
2018-01-15,1116.01,24304.89,14.0,103.04,72.17,3152.0,0.508,2.96,13.72,67.74
2018-01-16,1596.67,34648.35,11.45,103.02,72.17,3152.69,0.462,3.4,14.08,67.5
2018-01-17,2225.47,48261.76,11.88,102.92,72.08,3155.86,0.468,3.29,13.73,67.45
2018-01-18,1511.55,32747.16,12.68,102.92,72.32,3157.6,0.532,3.33,12.94,67.38
2018-01-19,1844.69,40084.44,12.17,102.97,72.62,3156.75,0.499,3.09,15.13,67.59
2018-01-22,2420.4,52863.71,12.45,102.96,72.78,3166.21,0.52,3.14,12.29,67.93
2018-01-23,1875.03,40959.82,12.84,102.97,72.59,3167.34,0.501,2.95,17.15,67.95
2018-01-24,2616.36,57274.0,13.0,102.91,72.44,3162.43,0.501,3.09,15.39,68.09
2018-01-25,2354.39,51567.66,12.06,102.86,72.13,3168.2,0.528,3.24,16.14,68.13
2018-01-26,1593.7,34905.49,12.97,102.86,72.17,3172.75,0.485,3.36,14.38,68.12
2018-01-29,1338.96,29315.97,14.33,102.9,72.03,3173.14,0.503,3.0,14.6,68.1
2018-01-30,1603.34,35055.01,13.03,102.88,71.88,3176.36,0.486,3.11,15.93,68.0
2018-01-31,1961.95,43064.41,13.7,102.92,71.7,3167.88,0.487,3.15,13.05,68.27
2018-02-01,1955.38,43046.14,13.0,102.99,71.7,3178.66,0.491,2.96,14.68,68.47
2018-02-02,2074.91,45874.52,13.4,102.97,71.69,3187.92,0.507,3.26,13.7,68.77
2018-02-05,1512.75,33451.71,13.06,102.9,71.42,3190.97,0.486,3.06,13.66,68.78
2018-02-06,1556.62,34456.37,13.78,102.76,71.68,3198.25,0.538,3.14,11.24,68.85
2018-02-07,2057.28,45641.5,12.78,102.77,71.67,3218.9,0.473,3.1,18.16,69.0
2018-02-08,2555.26,56611.49,13.45,102.73,71.35,3209.77,0.494,3.05,14.13,68.91
2018-02-09,1425.32,31632.74,13.14,102.73,71.48,3210.83,0.487,3.17,17.85,69.03
2018-02-12,1830.78,40589.84,14.17,102.69,71.26,3212.82,0.543,3.14,17.69,68.96
2018-02-13,1717.3,37933.36,12.28,102.68,71.58,3210.66,0.506,3.12,13.0,68.7
2018-02-14,1908.27,42314.72,13.87,102.7,71.81,3195.46,0.531,3.06,13.42,68.97
2018-02-15,1445.65,32044.19,14.0,102.68,71.87,3203.67,0.455,3.22,20.74,68.94
2018-02-16,1924.63,42897.65,12.83,102.74,72.3,3195.21,0.508,3.42,19.14,69.33
2018-02-19,2350.43,52475.76,15.16,102.69,72.08,3190.61,0.527,3.19,15.6,69.44
2018-02-20,1322.74,29580.5,14.22,102.65,72.1,3186.13,0.502,3.32,16.2,69.56
2018-02-21,2273.64,51035.12,12.32,102.62,72.0,3198.98,0.532,2.97,14.45,69.82
2018-02-22,1451.84,32695.43,13.7,102.65,71.78,3194.58,0.484,3.2,16.6,70.05
2018-02-23,1991.34,44782.21,11.84,102.58,71.48,3200.05,0.542,3.01,14.33,69.95
2018-02-26,2075.0,46646.32,11.61,102.65,71.66,3190.61,0.569,2.95,11.72,69.92
2018-02-27,2024.74,45450.27,14.39,102.54,71.57,3192.12,0.489,3.07,13.17,69.82
2018-02-28,1764.17,39582.4,12.69,102.53,71.33,3185.0,0.487,3.36,15.89,69.79
2018-03-01,2117.19,47614.27,14.29,102.55,71.19,3174.23,0.544,3.32,13.61,69.95
2018-03-02,1413.34,31759.89,14.67,102.46,71.76,3175.64,0.547,3.21,15.77,69.89
2018-03-05,2223.53,49938.43,12.42,102.48,71.73,3178.02,0.484,2.95,13.79,69.86
2018-03-06,1733.39,38834.98,15.3,102.53,71.54,3192.57,0.487,3.15,14.41,69.68
2018-03-07,2044.98,45856.9,13.69,102.54,71.45,3194.32,0.492,3.22,17.72,69.75
2018-03-08,1790.02,40155.6,13.53,102.53,71.65,3188.84,0.46,3.21,16.54,69.77
2018-03-09,2513.61,56509.22,12.27,102.53,71.58,3181.34,0.472,2.9,16.07,69.92
2018-03-12,2116.65,47685.56,12.55,102.52,71.5,3198.68,0.47,3.05,17.89,70.07
2018-03-13,2190.83,49243.77,11.43,102.58,71.44,3194.38,0.477,3.17,17.14,69.91
2018-03-14,2226.77,50057.06,12.91,102.56,71.29,3197.62,0.499,3.26,19.12,69.92
2018-03-15,1826.15,41045.56,14.15,102.53,71.19,3204.87,0.507,2.85,15.37,69.91
2018-03-16,2034.95,45780.47,12.52,102.58,71.43,3203.05,0.547,3.16,15.49,69.97
2018-03-19,1964.27,44190.94,12.5,102.62,71.34,3198.35,0.47,3.2,13.81,69.97
2018-03-20,2132.87,47913.62,12.34,102.68,71.27,3185.63,0.53,3.31,15.62,69.87
2018-03-21,1728.87,38823.52,12.5,102.61,70.65,3187.17,0.494,3.29,18.49,69.85
2018-03-22,1622.3,36460.54,14.62,102.67,70.74,3205.46,0.499,3.27,19.25,69.9
2018-03-23,2304.33,52019.42,12.52,102.66,70.94,3202.3,0.52,3.06,18.66,70.22
2018-03-26,2161.97,48966.02,13.11,102.6,70.76,3211.8,0.466,2.9,13.26,70.45
2018-03-27,1552.49,35192.52,13.44,102.65,70.81,3206.98,0.511,3.12,19.13,70.51
2018-03-28,2561.41,57844.52,14.45,102.67,70.54,3215.1,0.505,3.33,13.41,70.24
2018-03-29,1667.65,37669.79,13.34,102.6,70.56,3214.7,0.515,3.39,19.03,70.26
2018-03-30,1909.69,43132.58,13.54,102.58,70.58,3229.51,0.509,3.29,16.66,70.25
2018-04-02,2298.07,51974.69,13.11,102.62,70.09,3238.81,0.574,3.25,18.97,70.35
2018-04-03,2288.45,51802.39,13.27,102.51,70.26,3237.89,0.481,3.24,15.1,70.41
2018-04-04,1616.52,36573.89,13.31,102.54,70.47,3261.22,0.484,3.1,20.33,70.37
2018-04-05,2082.94,47148.11,13.75,102.53,70.4,3257.39,0.481,3.17,15.31,70.4
2018-04-06,1767.11,40018.36,15.62,102.56,70.13,3243.06,0.483,3.44,17.18,70.44
2018-04-09,2017.35,45802.28,13.7,102.42,70.08,3244.0,0.481,3.04,16.84,70.62
2018-04-10,1807.16,41116.72,15.19,102.51,70.0,3237.19,0.536,3.43,15.68,70.77
2018-04-11,1708.39,38836.15,15.05,102.47,70.14,3240.51,0.543,3.14,19.78,70.71
2018-04-12,1509.48,34230.81,14.64,102.44,70.08,3236.98,0.483,3.39,23.65,70.53
2018-04-13,2311.71,52513.29,15.31,102.42,70.01,3236.73,0.475,2.98,25.88,70.66
2018-04-16,1584.29,35869.05,14.58,102.45,70.16,3237.61,0.514,3.28,21.32,70.42
2018-04-17,2392.89,54290.6,13.08,102.44,70.25,3237.51,0.483,3.08,24.0,70.57
2018-04-18,1725.19,39159.95,14.16,102.53,70.22,3232.16,0.519,2.98,22.96,70.6
2018-04-19,2023.44,46146.83,14.66,102.52,70.04,3233.85,0.506,3.22,24.32,70.93
2018-04-20,2428.57,55263.16,16.16,102.61,69.84,3239.29,0.455,3.34,23.57,70.78
2018-04-23,1697.95,38705.57,13.63,102.6,69.66,3237.27,0.546,3.06,25.69,70.9
2018-04-24,2025.75,46015.0,15.04,102.59,69.46,3234.89,0.554,2.96,27.57,70.65
2018-04-25,2022.99,46000.83,13.72,102.5,69.34,3238.85,0.482,3.18,26.68,70.73
2018-04-26,1621.35,36784.91,16.37,102.45,69.53,3229.27,0.488,3.18,29.21,70.57
2018-04-27,1929.93,43773.9,16.17,102.46,69.42,3225.46,0.509,3.27,30.97,70.55
2018-04-30,2130.39,48248.8,14.38,102.37,69.32,3232.54,0.51,3.33,34.69,70.44
2018-05-01,2488.42,56471.98,16.76,102.47,68.87,3232.35,0.52,3.18,33.11,70.59
2018-05-02,1717.62,38933.48,16.71,102.48,69.04,3232.08,0.56,3.47,37.64,70.5
2018-05-03,2001.62,45446.69,17.04,102.46,68.92,3255.55,0.495,3.22,44.39,70.62
2018-05-04,1824.91,41415.47,17.08,102.45,69.0,3257.68,0.476,3.14,40.11,70.59
2018-05-07,1919.68,43601.91,16.43,102.55,69.06,3257.15,0.459,2.95,38.02,70.65
2018-05-08,1597.49,36377.95,14.93,102.59,68.89,3252.42,0.478,3.15,33.2,70.83
2018-05-09,1757.23,39918.44,16.43,102.47,68.95,3254.37,0.499,3.14,31.88,70.66
2018-05-10,2369.87,53836.57,14.41,102.45,68.61,3231.32,0.554,3.34,31.56,70.66
2018-05-11,1855.76,42050.63,14.44,102.5,68.43,3216.88,0.484,3.26,31.19,70.48
2018-05-14,1813.81,41026.47,14.11,102.44,68.69,3224.61,0.507,3.02,22.86,70.35
2018-05-15,1478.48,33437.17,14.94,102.46,68.46,3226.55,0.5,3.22,22.98,70.34
2018-05-16,2205.74,49959.15,14.11,102.32,68.5,3237.3,0.536,3.29,27.21,70.45
2018-05-17,2117.94,47965.28,13.64,102.28,68.46,3234.71,0.576,3.42,23.14,70.44
2018-05-18,1837.37,41521.73,13.69,102.29,68.26,3244.16,0.484,3.33,21.57,70.29
2018-05-21,2501.49,56494.11,13.99,102.33,68.52,3247.7,0.485,3.31,19.71,70.24
2018-05-22,1582.94,35776.12,14.31,102.3,68.45,3269.53,0.531,3.2,20.5,70.3
2018-05-23,1408.55,31864.22,13.48,102.35,68.56,3255.06,0.52,3.25,18.27,70.36
2018-05-24,1806.51,40856.86,13.61,102.26,68.94,3261.84,0.555,3.38,24.79,70.35
2018-05-25,1513.85,34359.75,14.42,102.24,68.6,3266.92,0.518,2.99,20.15,70.6
2018-05-28,1941.95,43933.59,15.8,102.25,68.54,3258.71,0.489,3.14,19.72,70.37
2018-05-29,1908.81,43171.42,13.9,102.15,68.68,3267.39,0.518,3.08,20.69,70.35
2018-05-30,2307.64,52232.52,15.22,102.23,68.61,3278.75,0.533,3.25,21.16,70.4
2018-05-31,1716.05,38977.22,14.45,102.24,68.81,3285.48,0.525,3.38,20.89,70.65
2018-06-01,1992.05,45430.01,14.85,102.17,68.89,3295.78,0.515,3.11,20.93,70.93
2018-06-04,1914.37,43645.29,14.64,102.2,68.89,3294.57,0.532,2.84,17.34,70.91
2018-06-05,2164.83,49336.8,14.16,102.15,68.94,3309.9,0.535,3.13,17.84,70.89
2018-06-06,1423.2,32501.86,13.51,102.1,68.74,3305.57,0.541,3.33,19.83,71.03
2018-06-07,1515.98,34630.37,12.98,102.02,68.38,3306.77,0.519,3.28,17.12,71.05
2018-06-08,1638.67,37404.49,15.13,101.99,67.97,3303.4,0.495,3.26,18.06,71.0
2018-06-11,1462.9,33466.28,14.6,101.86,67.98,3301.07,0.504,3.15,18.77,71.15
2018-06-12,2086.65,47786.14,14.74,101.87,67.73,3299.73,0.536,3.0,19.47,71.23
2018-06-13,2095.01,47902.71,14.36,101.98,67.95,3293.63,0.475,3.27,14.28,71.12
2018-06-14,2279.07,52016.6,14.83,101.94,67.66,3292.21,0.511,3.07,19.21,70.99
2018-06-15,1834.53,41889.36,14.32,101.8,67.26,3294.89,0.488,3.52,17.26,71.02
2018-06-18,1730.03,39436.2,12.63,101.77,66.81,3292.25,0.501,3.28,19.1,70.9
2018-06-19,1529.51,34885.63,14.21,101.76,67.04,3300.74,0.538,3.11,19.21,70.94
2018-06-20,2356.42,53890.71,15.67,101.77,67.01,3296.08,0.506,3.11,20.84,71.13
2018-06-21,1827.03,41735.36,14.44,101.76,67.07,3291.11,0.501,3.18,20.31,71.05
2018-06-22,1643.55,37610.96,13.06,101.85,66.77,3295.31,0.459,3.16,20.28,71.18
2018-06-25,2169.31,49845.98,15.07,101.83,67.04,3300.51,0.522,3.37,20.46,71.47
2018-06-26,1733.81,39713.87,16.09,101.8,66.68,3288.29,0.519,3.23,18.15,71.24
2018-06-27,1459.58,33370.14,13.39,101.82,66.63,3281.4,0.565,3.09,17.62,71.11
2018-06-28,1537.66,35129.92,14.58,101.84,66.49,3286.95,0.491,3.48,19.3,71.06
2018-06-29,1875.15,42807.43,14.55,101.83,66.65,3279.36,0.507,3.21,19.02,71.01
2018-07-02,1469.66,33623.08,14.32,101.81,66.37,3275.48,0.507,3.31,16.94,71.16
2018-07-03,1829.03,41920.57,14.75,101.77,66.23,3258.64,0.547,3.11,18.37,71.29
2018-07-04,1554.5,35655.61,13.72,101.81,66.12,3268.13,0.497,3.25,17.49,71.34
2018-07-05,1525.58,34899.44,14.57,101.71,66.05,3257.73,0.508,3.25,15.86,71.15
2018-07-06,1693.85,38749.47,15.0,101.71,66.01,3261.9,0.518,2.92,20.16,71.15
2018-07-09,1922.88,44011.31,14.04,101.76,66.1,3275.97,0.506,3.5,17.7,71.19
2018-07-10,2000.96,45892.92,15.1,101.75,66.24,3277.39,0.487,3.39,21.69,71.34
2018-07-11,2171.21,49809.53,13.44,101.64,66.13,3289.6,0.506,3.14,14.36,71.35
2018-07-12,1555.37,35781.96,12.53,101.63,66.05,3289.76,0.532,3.03,16.51,71.56
2018-07-13,2369.71,54437.37,12.83,101.67,66.04,3282.39,0.469,3.25,17.7,71.45
2018-07-16,2874.92,66097.37,14.59,101.68,66.07,3275.17,0.504,3.21,19.92,71.51
2018-07-17,1711.73,39250.77,12.39,101.61,66.0,3274.32,0.479,3.25,18.46,71.32
2018-07-18,1193.22,27343.23,14.16,101.74,66.06,3288.8,0.536,3.23,18.3,71.28
2018-07-19,1204.6,27602.64,13.3,101.79,66.08,3304.46,0.454,3.28,15.44,71.27
2018-07-20,1680.53,38482.59,12.31,101.8,66.2,3308.09,0.483,3.42,15.4,71.22
2018-07-23,1602.97,36659.25,15.0,101.96,66.03,3317.45,0.511,3.28,18.37,71.13
2018-07-24,1860.21,42576.11,12.69,101.94,66.02,3325.05,0.547,3.04,15.02,71.19
2018-07-25,2062.74,47160.91,16.44,101.84,65.86,3313.19,0.498,3.4,16.7,71.11
2018-07-26,1411.0,32264.61,16.11,101.83,65.46,3321.85,0.483,3.45,18.79,71.12
2018-07-27,1808.74,41464.12,14.54,101.83,65.27,3316.17,0.556,3.67,15.84,71.3
2018-07-30,1705.22,39156.37,12.52,101.73,65.26,3311.81,0.457,3.03,21.04,71.42
2018-07-31,2652.9,61069.21,14.69,101.77,65.11,3315.02,0.434,3.24,20.3,71.6
2018-08-01,1381.67,31857.28,15.4,101.82,64.87,3343.34,0.513,2.89,14.73,71.72
2018-08-02,1618.52,37447.54,15.09,101.73,64.96,3343.41,0.485,3.28,16.03,71.96
2018-08-03,1918.54,44298.59,14.84,101.69,65.16,3351.73,0.469,3.12,13.35,71.82
2018-08-06,1635.75,37788.09,15.75,101.61,65.25,3342.97,0.521,3.49,16.38,71.85
2018-08-07,2320.71,53760.82,13.04,101.52,65.34,3350.61,0.507,3.08,19.51,72.05
2018-08-08,1543.15,35751.55,14.89,101.55,65.03,3352.93,0.483,2.95,17.18,72.06
2018-08-09,1554.8,36040.22,15.87,101.55,65.1,3355.27,0.462,3.13,18.96,72.1
2018-08-10,2376.98,55215.73,13.2,101.53,65.39,3347.98,0.526,2.9,15.03,72.25
2018-08-13,1513.79,35163.67,14.04,101.54,65.61,3346.54,0.52,3.31,19.71,72.25
2018-08-14,2246.46,52342.92,15.35,101.51,65.58,3337.4,0.497,2.89,17.04,72.47
2018-08-15,1784.28,41756.8,15.59,101.47,65.77,3333.38,0.555,3.2,18.22,72.79
2018-08-16,1728.52,40356.83,13.26,101.44,65.68,3330.16,0.468,2.89,18.05,72.62
2018-08-17,1765.47,41188.59,12.96,101.42,65.57,3320.3,0.454,3.15,15.75,72.56
2018-08-20,1575.1,36667.82,14.35,101.42,65.62,3323.72,0.479,3.45,16.04,72.41
2018-08-21,2352.66,54832.51,13.24,101.44,65.67,3333.44,0.499,3.25,20.34,72.49
2018-08-22,2102.6,49092.7,13.63,101.39,65.5,3348.25,0.507,3.07,19.27,72.62
2018-08-23,2369.46,55073.53,13.91,101.37,65.42,3369.59,0.493,3.2,20.64,72.29
2018-08-24,2476.23,57457.21,15.52,101.33,65.6,3372.38,0.511,3.2,19.27,72.17
2018-08-27,2222.79,51561.45,15.71,101.29,65.46,3367.09,0.462,3.27,18.99,72.15
2018-08-28,1455.58,33745.46,14.95,101.33,65.45,3368.65,0.543,2.99,15.35,72.11
2018-08-29,1642.92,38048.17,13.58,101.28,65.47,3366.08,0.498,3.29,18.37,72.03
2018-08-30,2304.44,53493.13,13.9,101.27,65.63,3374.97,0.534,2.79,18.98,72.2
2018-08-31,2031.19,47130.25,14.11,101.2,65.57,3380.97,0.51,3.11,23.07,72.17
2018-09-03,2245.57,52167.09,14.54,101.24,65.59,3377.36,0.514,3.13,20.69,72.26
2018-09-04,1991.38,46364.11,15.17,101.3,65.79,3379.27,0.517,3.29,22.56,72.42
2018-09-05,1865.15,43376.47,13.93,101.3,65.65,3377.65,0.513,3.2,20.87,72.34
2018-09-06,2280.17,53034.98,13.13,101.41,65.48,3359.44,0.519,2.99,18.47,72.34
2018-09-07,1418.31,33016.11,15.66,101.28,65.16,3360.93,0.54,3.05,20.36,72.4
2018-09-10,1927.8,44955.0,15.49,101.23,65.27,3361.5,0.506,3.23,20.87,72.53
2018-09-11,2063.36,48031.95,14.67,101.27,65.13,3369.2,0.521,3.19,18.82,72.4
2018-09-12,2117.95,49343.03,13.39,101.17,64.98,3369.72,0.497,3.11,20.27,72.46
2018-09-13,1570.03,36635.15,15.24,101.15,64.58,3365.89,0.543,3.13,21.0,72.58
2018-09-14,1614.25,37748.81,14.66,101.15,64.45,3375.43,0.48,3.3,25.06,72.73
2018-09-17,1918.51,44902.44,12.25,101.13,64.22,3388.63,0.554,3.12,18.17,72.8
2018-09-18,2066.32,48226.69,14.21,101.12,64.11,3377.83,0.499,3.19,25.29,72.59
2018-09-19,2647.65,61848.96,15.11,101.17,64.0,3383.27,0.457,3.52,21.63,72.66
2018-09-20,1729.64,40357.21,14.02,101.23,63.96,3389.32,0.504,2.99,21.46,72.57
2018-09-21,1856.8,43313.96,15.06,101.14,64.24,3386.2,0.48,2.92,27.36,72.56
2018-09-24,2642.52,61604.35,15.3,101.05,63.98,3376.95,0.525,3.32,27.36,72.51
2018-09-25,2460.81,57330.44,13.88,101.07,63.92,3371.83,0.48,3.1,29.41,72.46
2018-09-26,1637.92,38117.63,15.46,101.0,63.77,3362.54,0.487,3.15,29.65,72.38
2018-09-27,2309.48,53965.11,15.76,101.1,63.67,3371.9,0.443,3.08,33.47,72.68
2018-09-28,2364.51,55235.52,15.09,101.09,63.66,3373.33,0.486,3.16,31.93,72.66
2018-10-01,2160.93,50489.5,15.33,101.1,63.79,3369.72,0.427,3.44,32.16,72.67
2018-10-02,1645.41,38416.81,15.4,101.08,63.78,3364.91,0.452,3.32,35.04,72.62
2018-10-03,1881.17,43945.14,17.02,101.06,63.78,3355.35,0.523,3.33,38.97,72.66
2018-10-04,1877.35,43904.38,15.62,101.01,63.88,3350.88,0.524,2.99,37.33,72.74
2018-10-05,2309.42,53958.18,15.67,101.1,63.87,3353.56,0.513,3.02,40.31,72.67
2018-10-08,1963.26,45968.83,15.98,101.12,63.75,3353.34,0.471,2.77,44.09,72.83
2018-10-09,2046.87,47977.68,16.2,100.99,63.71,3352.09,0.499,3.08,44.0,72.91
2018-10-10,1929.41,45209.73,16.43,100.94,63.71,3348.51,0.5,3.34,52.44,72.88
2018-10-11,1569.11,36668.61,15.23,100.97,63.36,3351.38,0.465,3.27,52.88,72.69
2018-10-12,3125.1,73169.11,16.96,100.99,63.48,3353.26,0.545,3.16,61.84,72.82
2018-10-15,2337.94,54674.91,17.18,101.06,63.48,3361.29,0.526,3.19,58.41,72.74
2018-10-16,2711.75,63326.78,16.38,101.07,63.6,3370.83,0.493,3.09,51.27,72.64
2018-10-17,1754.4,40960.99,15.85,101.05,63.61,3364.94,0.501,3.23,51.64,72.62
2018-10-18,2733.65,63897.84,15.53,101.03,63.34,3366.53,0.506,3.31,41.9,72.7
2018-10-19,2033.73,47474.15,16.52,101.04,63.18,3368.27,0.439,2.95,44.14,72.61
2018-10-22,2406.2,56146.55,14.13,101.07,63.15,3362.26,0.493,3.24,40.41,72.58
2018-10-23,2580.97,60425.92,14.73,101.02,62.89,3367.4,0.48,3.34,33.24,72.82
2018-10-24,2782.04,64956.21,15.81,100.99,63.1,3372.45,0.47,3.13,40.0,72.62
2018-10-25,2188.93,50984.28,16.25,101.02,62.83,3384.67,0.492,3.3,32.6,72.45
2018-10-26,1821.82,42418.98,17.03,101.02,63.13,3369.96,0.554,3.62,29.34,72.42
2018-10-29,2156.6,50310.76,15.61,101.01,63.16,3369.97,0.519,3.18,26.84,72.56
2018-10-30,2390.23,55797.24,14.35,101.06,63.25,3384.58,0.483,3.25,27.94,72.61
2018-10-31,1977.99,46337.05,13.1,101.0,62.99,3385.56,0.517,3.08,27.01,72.86
2018-11-01,2032.6,47780.76,16.4,101.03,62.91,3380.45,0.542,3.22,26.49,73.12
2018-11-02,1611.84,37864.62,13.86,101.1,62.81,3390.73,0.528,3.26,24.82,73.07
2018-11-05,1853.63,43400.04,14.76,101.09,63.06,3395.28,0.502,3.22,25.92,72.82
2018-11-06,2351.95,54969.96,14.35,101.08,63.43,3407.65,0.481,3.04,23.2,72.7
2018-11-07,2489.1,58241.28,14.36,101.01,63.76,3410.76,0.521,3.22,19.51,72.78
2018-11-08,2568.51,60027.92,13.72,100.98,63.27,3418.34,0.512,3.41,22.56,72.69
2018-11-09,2990.56,69748.44,15.98,100.94,63.26,3424.65,0.527,3.26,17.67,72.54
2018-11-12,2695.07,62918.09,13.93,100.99,63.0,3414.06,0.519,3.34,22.71,72.61
2018-11-13,2098.72,48904.8,14.44,100.97,62.97,3425.02,0.531,3.16,19.69,72.48
2018-11-14,1805.9,42015.49,14.21,100.94,62.87,3420.14,0.484,3.31,21.66,72.36
2018-11-15,2046.19,47736.3,15.16,101.0,62.54,3418.61,0.54,3.23,23.69,72.56
2018-11-16,1940.2,45375.42,14.05,100.99,62.29,3419.14,0.506,3.05,18.92,72.74
2018-11-19,2219.87,51871.23,14.39,101.02,62.4,3425.57,0.562,3.24,22.73,72.68
2018-11-20,2490.95,58141.2,15.22,100.99,62.36,3431.44,0.479,3.04,19.56,72.6
2018-11-21,2347.49,54782.39,14.23,101.0,62.22,3422.47,0.552,3.1,23.77,72.59
2018-11-22,2751.37,64074.94,15.66,100.98,62.23,3422.64,0.506,3.22,19.39,72.44
2018-11-23,2291.74,53361.68,13.21,101.06,62.01,3420.37,0.48,3.24,18.32,72.42
2018-11-26,1673.72,38916.04,14.09,101.06,62.11,3415.84,0.485,3.01,21.27,72.32
2018-11-27,1921.86,44604.85,13.67,100.97,62.03,3408.1,0.49,3.35,18.93,72.19
2018-11-28,2307.9,53438.5,14.34,100.93,62.22,3405.08,0.513,3.28,18.04,72.02
2018-11-29,2260.98,52267.62,13.01,100.85,61.82,3404.89,0.516,3.08,18.69,71.9
2018-11-30,2651.19,61495.2,14.77,100.88,61.87,3416.62,0.483,2.96,19.5,72.15
2018-12-03,2176.05,50310.61,15.18,100.92,61.77,3414.75,0.499,3.17,22.22,71.91
2018-12-04,2090.81,48351.35,15.38,100.92,61.49,3411.99,0.564,3.12,15.63,71.93
2018-12-05,1615.94,37368.83,15.06,100.89,61.29,3401.93,0.552,3.21,19.5,71.93
2018-12-06,1908.24,44076.02,15.07,100.81,61.28,3402.69,0.513,3.13,20.67,71.84
2018-12-07,2309.2,53461.5,14.73,100.8,61.38,3418.17,0.501,2.89,19.78,72.01
2018-12-10,2284.74,52898.7,14.16,100.75,61.28,3411.38,0.504,3.13,21.99,72.01
2018-12-11,2399.18,55571.41,15.6,100.8,61.23,3409.2,0.518,3.14,19.21,72.04
2018-12-12,2348.32,54450.72,14.83,100.77,61.12,3395.49,0.469,3.28,18.97,72.12
2018-12-13,2123.5,49335.32,16.44,100.79,61.01,3390.03,0.492,3.08,20.51,72.26
2018-12-14,1774.2,41297.34,15.95,100.75,61.36,3383.15,0.45,3.44,19.52,72.4
2018-12-17,2161.68,50307.08,14.15,100.81,61.49,3386.5,0.512,2.9,18.53,72.38
2018-12-18,2159.08,50370.25,14.68,100.74,61.77,3391.14,0.519,3.38,20.34,72.56
2018-12-19,2663.57,62135.68,14.78,100.71,61.68,3389.19,0.486,3.15,18.0,72.56
2018-12-20,2625.52,61265.68,15.63,100.74,61.74,3385.0,0.547,3.31,18.08,72.58
2018-12-21,1952.51,45472.45,12.67,100.83,61.71,3383.94,0.463,3.2,18.25,72.44
2018-12-24,1909.79,44508.64,15.58,100.74,61.89,3387.17,0.456,3.36,22.02,72.49
2018-12-25,1627.54,37891.29,14.07,100.66,61.93,3388.89,0.507,3.13,12.87,72.41
2018-12-26,2067.07,48177.07,15.07,100.68,62.23,3380.95,0.531,3.02,20.11,72.49
2018-12-27,1950.25,45500.93,13.65,100.76,62.25,3383.14,0.551,3.4,19.39,72.57
2018-12-28,3066.81,71948.47,13.17,100.81,62.16,3376.48,0.486,3.17,15.97,72.97
2018-12-31,1694.95,39736.53,14.52,100.84,61.95,3386.46,0.532,3.22,19.96,72.92
2019-01-01,2104.72,49233.12,15.23,100.77,61.82,3386.92,0.499,3.37,20.3,72.76
2019-01-02,1828.2,42783.76,13.06,100.78,61.95,3390.19,0.495,3.03,20.54,72.79
2019-01-03,2075.35,48489.88,13.64,100.8,61.84,3396.32,0.527,3.27,14.06,72.67
2019-01-04,1939.17,45389.37,13.29,100.81,61.84,3381.76,0.52,3.09,22.11,72.8
2019-01-07,2371.06,55335.7,14.59,100.82,61.97,3404.02,0.453,3.16,17.92,72.59
2019-01-08,2252.52,52480.8,16.21,100.85,62.2,3404.94,0.544,3.19,20.78,72.47
2019-01-09,2389.2,55830.39,13.96,100.7,61.97,3399.43,0.541,2.96,20.9,72.68
2019-01-10,1820.69,42621.41,14.83,100.57,61.89,3393.33,0.481,3.06,17.68,72.81
2019-01-11,2509.84,58763.17,14.67,100.49,61.63,3405.28,0.512,3.38,20.77,72.82
2019-01-14,1931.72,45158.12,14.69,100.49,61.64,3418.58,0.515,3.31,18.7,72.71
2019-01-15,1600.33,37472.29,13.5,100.46,61.6,3433.24,0.508,3.17,15.34,72.83
2019-01-16,2087.62,49035.04,15.03,100.37,61.61,3435.62,0.483,3.22,21.84,73.06
2019-01-17,2162.41,50693.17,13.95,100.46,61.34,3433.11,0.48,3.13,17.98,72.92
2019-01-18,1649.98,38712.85,15.97,100.44,61.23,3446.9,0.499,3.38,17.84,72.98
2019-01-21,2417.78,56970.97,13.74,100.44,60.87,3452.14,0.535,3.15,18.77,73.29
2019-01-22,1809.84,42658.99,15.25,100.49,60.96,3447.93,0.516,3.21,20.15,73.31
2019-01-23,1785.3,42110.62,16.18,100.61,60.83,3441.65,0.489,3.35,19.52,73.36
2019-01-24,2095.66,49508.71,15.3,100.59,60.67,3448.8,0.523,3.06,20.76,73.48
2019-01-25,2438.45,57511.29,13.62,100.6,60.69,3457.92,0.415,3.41,17.02,73.36
2019-01-28,1681.52,39535.44,13.19,100.51,60.79,3446.43,0.534,2.95,18.26,73.13
2019-01-29,2512.77,59058.53,14.93,100.5,60.65,3447.82,0.448,3.42,19.56,73.1
2019-01-30,1358.99,32040.14,14.49,100.42,60.63,3457.28,0.489,3.12,23.63,73.33
2019-01-31,2233.0,52755.86,14.7,100.38,60.64,3448.2,0.466,3.14,19.66,73.48
2019-02-01,1687.69,39932.88,15.25,100.42,60.55,3456.77,0.461,2.89,22.12,73.59
2019-02-04,1788.25,42290.41,14.3,100.43,60.33,3460.36,0.535,3.11,20.1,73.56
2019-02-05,2695.17,63797.0,13.47,100.48,60.16,3457.8,0.486,3.02,19.13,73.62
2019-02-06,1705.85,40372.51,14.27,100.49,60.26,3467.69,0.51,3.08,19.69,73.61
2019-02-07,2039.79,48358.35,15.51,100.55,60.26,3472.85,0.499,3.15,19.94,73.74
2019-02-08,1661.21,39336.33,14.34,100.48,60.0,3460.27,0.514,3.32,21.59,73.65
2019-02-11,2337.11,55670.59,16.27,100.55,59.87,3460.55,0.502,3.2,23.25,74.09
2019-02-12,2225.9,53084.44,14.98,100.5,59.96,3469.62,0.462,3.22,21.35,74.18
2019-02-13,2275.57,54312.15,14.82,100.47,59.91,3465.58,0.53,3.01,23.16,74.24
2019-02-14,2497.48,59501.28,13.38,100.44,59.72,3471.31,0.485,3.04,19.02,74.1
2019-02-15,1959.37,46561.15,14.1,100.55,59.45,3475.33,0.453,3.44,20.32,73.91
2019-02-18,2451.05,58088.86,14.28,100.49,59.44,3474.01,0.487,3.06,19.91,73.71
2019-02-19,2599.01,61683.05,14.22,100.51,59.71,3480.63,0.545,3.42,22.23,73.82
2019-02-20,2146.06,50992.41,15.02,100.53,59.64,3481.47,0.526,3.13,21.16,73.9
2019-02-21,1639.98,39013.46,14.25,100.52,59.43,3465.44,0.49,3.17,23.64,73.99
2019-02-22,1609.23,38323.86,13.45,100.47,59.21,3458.24,0.49,3.33,20.67,74.07
2019-02-25,2233.67,53305.87,14.47,100.39,59.35,3454.37,0.49,3.36,23.01,74.23
2019-02-26,1673.12,39879.7,13.7,100.31,58.93,3470.91,0.562,3.15,24.75,74.14
2019-02-27,1563.73,37260.91,14.35,100.37,58.78,3467.29,0.511,3.11,19.75,74.11
2019-02-28,2435.06,57991.72,13.89,100.31,58.71,3474.79,0.513,3.16,28.69,74.07
2019-03-01,1959.99,46812.59,15.81,100.23,58.54,3488.64,0.531,3.22,24.53,74.29
2019-03-04,3014.15,72121.14,12.86,100.28,58.88,3487.22,0.507,3.3,21.77,74.42
2019-03-05,1873.22,44992.77,14.13,100.31,58.87,3489.19,0.492,3.17,26.97,74.71
2019-03-06,1909.8,45754.23,14.7,100.29,58.85,3484.47,0.494,3.26,27.65,74.52
2019-03-07,2234.75,53475.45,14.27,100.25,58.99,3485.91,0.498,3.41,28.48,74.43
2019-03-08,2189.4,52388.91,12.71,100.08,58.93,3485.17,0.499,3.22,31.83,74.43
2019-03-11,2075.95,49610.08,16.49,100.02,58.55,3479.39,0.522,3.21,32.7,74.33
2019-03-12,2068.4,49437.1,15.24,100.0,58.55,3487.86,0.502,2.93,33.33,74.34
2019-03-13,3289.93,78879.32,13.44,99.93,58.4,3488.77,0.522,2.77,35.38,74.57
2019-03-14,2730.54,65633.75,13.93,99.85,58.24,3497.87,0.498,3.22,36.24,74.76
2019-03-15,2431.19,58289.04,13.95,99.97,58.43,3493.81,0.502,3.15,42.23,74.57
2019-03-18,1662.46,39899.78,14.91,99.86,58.21,3492.33,0.44,3.08,38.26,74.65
2019-03-19,2106.16,50633.21,16.9,99.86,58.17,3489.97,0.527,3.2,44.36,74.77
2019-03-20,2356.17,56867.13,15.48,99.8,58.12,3489.62,0.51,3.15,47.46,75.07
2019-03-21,2415.39,58271.84,15.83,99.81,58.12,3486.64,0.53,3.33,52.63,75.04
2019-03-22,2601.23,62639.74,17.0,99.72,58.47,3490.66,0.413,3.17,53.48,74.9
2019-03-25,1896.24,45702.64,16.49,99.78,58.25,3505.93,0.563,3.05,56.4,74.96
2019-03-26,2102.85,50574.68,16.23,99.75,58.19,3499.26,0.496,3.31,55.5,74.81
2019-03-27,1818.48,43615.14,16.51,99.84,58.35,3516.22,0.533,3.12,51.59,74.6
2019-03-28,2597.29,62313.0,14.39,99.92,58.31,3524.47,0.469,3.24,50.34,74.62
2019-03-29,2325.33,55715.44,15.76,99.85,58.13,3515.31,0.518,3.08,41.59,74.52
2019-04-01,1869.25,44829.94,16.59,99.78,57.99,3516.28,0.468,3.06,43.58,74.59
2019-04-02,2145.04,51412.52,14.47,99.69,58.16,3530.2,0.481,3.17,43.49,74.55
2019-04-03,2061.5,49301.15,14.79,99.62,57.87,3529.48,0.557,3.16,35.78,74.38
2019-04-04,1717.26,41179.79,13.16,99.68,58.15,3533.9,0.494,3.23,31.99,74.59
2019-04-05,2380.01,57291.11,14.38,99.77,58.45,3540.01,0.507,3.11,32.03,74.87
2019-04-08,2068.51,49722.35,14.0,99.72,58.42,3537.39,0.526,2.88,31.35,74.77
2019-04-09,1839.44,44117.35,16.28,99.77,58.45,3541.1,0.515,3.09,31.11,74.6
2019-04-10,1709.21,41001.47,14.33,99.76,58.5,3541.47,0.505,3.27,27.61,74.61
2019-04-11,2348.17,56226.12,15.09,99.73,58.39,3537.68,0.511,3.11,30.86,74.48
2019-04-12,2109.54,50599.22,15.69,99.71,58.42,3538.23,0.572,3.11,24.59,74.6
2019-04-15,1763.96,42342.96,12.52,99.75,57.98,3546.52,0.498,3.3,22.53,74.66
2019-04-16,1835.96,44121.7,14.69,99.62,57.61,3548.29,0.506,3.04,27.51,74.75
2019-04-17,1987.39,47667.3,13.03,99.59,57.39,3546.35,0.532,2.92,20.11,74.6
2019-04-18,2046.46,49042.89,13.41,99.54,57.21,3546.1,0.533,3.12,23.69,74.54
2019-04-19,2105.62,50387.35,13.94,99.58,57.26,3530.95,0.536,3.07,29.85,74.43
2019-04-22,1372.38,32955.7,13.89,99.61,57.26,3541.92,0.519,3.0,23.15,74.69
2019-04-23,2035.92,48801.01,13.26,99.66,57.36,3532.23,0.466,3.12,20.56,74.56
2019-04-24,1565.03,37554.89,14.12,99.69,57.31,3531.29,0.549,3.22,22.35,74.64
2019-04-25,2579.43,61851.03,15.31,99.7,57.27,3533.2,0.466,3.14,22.07,74.58
2019-04-26,2460.22,58897.17,14.96,99.64,57.31,3538.22,0.509,3.19,22.23,74.46
2019-04-29,2529.25,60566.23,17.14,99.64,57.11,3548.43,0.477,3.42,23.0,74.48
2019-04-30,1172.47,28156.79,14.35,99.61,56.9,3552.52,0.498,3.09,19.4,74.69
2019-05-01,1988.78,47886.37,15.13,99.57,56.73,3565.19,0.51,3.18,24.68,74.89
2019-05-02,2070.58,49873.11,15.47,99.43,56.42,3569.02,0.51,3.07,21.64,74.92
2019-05-03,2302.23,55157.53,13.2,99.48,56.28,3569.96,0.513,3.01,22.47,74.52
2019-05-06,2416.46,57892.24,15.21,99.41,56.18,3566.83,0.548,3.05,19.64,74.52
2019-05-07,2552.55,61071.79,13.4,99.4,55.94,3556.96,0.514,3.07,23.37,74.42
2019-05-08,1209.81,28922.05,14.52,99.5,55.72,3565.4,0.493,3.19,20.19,74.36
2019-05-09,1790.49,42947.99,15.25,99.55,55.56,3567.38,0.529,3.49,21.19,74.61
2019-05-10,2069.54,49607.64,12.12,99.51,55.72,3555.45,0.536,3.03,18.7,74.56
2019-05-13,2370.13,56791.79,13.55,99.65,55.93,3557.23,0.463,3.07,18.52,74.53
2019-05-14,2343.9,56115.05,13.96,99.7,55.72,3559.59,0.518,3.13,21.84,74.46
2019-05-15,2221.73,53354.38,13.0,99.64,55.88,3550.62,0.521,3.2,19.54,74.69
2019-05-16,1811.05,43301.35,14.4,99.6,55.82,3547.86,0.491,3.18,18.69,74.37
2019-05-17,1869.95,44826.01,15.79,99.66,55.57,3544.26,0.541,3.33,19.08,74.56
2019-05-20,1819.04,43741.71,13.05,99.7,55.48,3552.12,0.495,2.77,21.75,74.79
2019-05-21,1668.49,40176.59,14.81,99.71,55.29,3549.56,0.504,2.78,19.08,74.9
2019-05-22,1674.55,40315.68,14.42,99.63,55.1,3551.52,0.495,3.06,20.1,74.88
2019-05-23,1676.57,40367.24,13.01,99.61,54.78,3546.3,0.5,3.3,20.37,74.89
2019-05-24,2189.57,52880.41,13.31,99.65,54.76,3549.61,0.467,2.9,16.51,75.12
2019-05-27,2095.7,50649.6,13.67,99.76,54.41,3560.3,0.457,2.68,17.42,75.17
2019-05-28,1716.99,41547.91,15.43,99.76,54.23,3575.97,0.548,3.22,21.05,75.26
2019-05-29,1425.1,34442.84,14.48,99.73,54.27,3567.77,0.475,3.17,18.93,75.17
2019-05-30,1922.68,46538.44,13.24,99.71,54.54,3578.77,0.47,2.97,22.55,75.29
2019-05-31,2601.64,62926.35,14.16,99.73,54.46,3580.35,0.435,2.98,22.41,75.23
2019-06-03,2075.28,49931.18,11.32,99.61,54.42,3590.63,0.481,2.98,21.96,74.83
2019-06-04,2385.87,57540.42,14.9,99.58,54.5,3582.77,0.46,3.14,24.22,75.01
2019-06-05,2144.39,51665.85,13.13,99.56,54.4,3585.24,0.549,3.03,20.47,74.94
2019-06-06,2062.12,49786.59,13.08,99.57,54.59,3584.74,0.53,3.2,22.01,75.09
2019-06-07,1527.35,36816.38,13.23,99.56,54.09,3584.96,0.479,2.7,19.63,74.97
2019-06-10,1948.71,47096.01,12.96,99.53,54.09,3581.99,0.568,3.0,25.81,75.17
2019-06-11,1919.21,46568.97,13.78,99.49,53.87,3575.78,0.529,2.95,24.98,75.47
2019-06-12,2654.58,64379.03,14.77,99.49,53.83,3575.94,0.49,3.08,21.17,75.43
2019-06-13,2162.32,52536.42,12.11,99.51,54.0,3572.35,0.425,3.04,22.07,75.57
2019-06-14,2565.83,62171.19,14.05,99.52,53.94,3567.87,0.569,3.24,24.18,75.37
2019-06-17,2485.4,60232.27,13.44,99.57,53.79,3564.24,0.458,2.84,21.36,75.38
2019-06-18,1737.51,42183.51,14.22,99.53,53.74,3571.92,0.451,3.13,20.56,75.51
2019-06-19,2079.67,50667.69,13.85,99.56,53.59,3577.45,0.531,3.2,23.87,75.78
2019-06-20,2717.17,66389.96,14.96,99.46,53.54,3587.02,0.573,3.4,22.55,76.0
2019-06-21,2264.03,55334.88,15.1,99.43,53.39,3592.98,0.542,3.05,23.08,76.02
2019-06-24,2243.91,54957.97,14.74,99.5,53.18,3601.5,0.517,3.17,21.41,76.18
2019-06-25,2382.35,58415.62,12.86,99.44,52.85,3602.23,0.518,2.85,20.05,76.27
2019-06-26,2222.49,54470.1,15.48,99.47,52.88,3601.35,0.526,2.76,24.42,76.23
2019-06-27,2223.91,54400.3,13.18,99.42,52.75,3613.42,0.523,3.24,26.28,76.08
2019-06-28,2127.74,52024.93,14.68,99.42,52.43,3608.07,0.508,3.11,24.61,76.05
2019-07-01,1903.82,46475.06,15.4,99.31,52.12,3632.74,0.503,3.29,28.61,75.93
2019-07-02,1606.16,39293.48,15.71,99.41,52.06,3649.95,0.498,2.91,25.09,76.09
2019-07-03,1340.07,32773.54,14.92,99.49,51.82,3659.04,0.477,3.19,25.25,76.07
2019-07-04,1927.76,47207.99,13.69,99.44,51.78,3663.05,0.492,3.39,28.21,76.17
2019-07-05,2195.35,53738.66,15.09,99.37,51.9,3659.99,0.449,3.17,29.29,76.14
2019-07-08,2144.35,52473.33,14.31,99.26,52.42,3647.53,0.497,3.15,32.25,76.11
2019-07-09,2281.3,55933.54,15.21,99.26,52.41,3652.65,0.47,3.11,30.58,76.26
2019-07-10,2023.4,49493.25,14.54,99.26,52.63,3649.8,0.467,2.87,36.49,76.08
2019-07-11,3070.36,75308.45,16.22,99.29,52.27,3650.76,0.505,3.31,39.51,76.29
2019-07-12,2805.94,68706.45,14.61,99.3,52.07,3650.66,0.542,3.01,37.57,76.16
2019-07-15,1490.94,36451.13,15.78,99.24,52.03,3648.49,0.528,3.18,42.5,76.04
2019-07-16,2274.07,55573.28,13.99,99.29,52.04,3659.81,0.453,2.87,40.55,76.01
2019-07-17,2377.11,58297.0,16.11,99.38,51.68,3665.88,0.47,2.93,47.83,76.28
2019-07-18,1230.02,30244.64,13.62,99.35,51.8,3674.26,0.528,3.32,51.2,76.48
2019-07-19,2063.0,50920.07,16.14,99.3,51.83,3683.63,0.471,3.05,54.7,76.77
2019-07-22,2183.43,53838.74,16.3,99.28,51.83,3680.04,0.493,3.32,57.33,76.69
2019-07-23,1967.48,48400.62,15.27,99.25,51.84,3689.78,0.517,3.09,47.07,76.52
2019-07-24,2083.8,51394.94,12.99,99.29,51.68,3692.05,0.471,2.82,47.81,76.71
2019-07-25,1975.39,48743.42,14.6,99.33,51.79,3693.35,0.503,3.23,44.43,76.75
2019-07-26,2209.82,54505.46,15.75,99.36,51.76,3686.49,0.46,3.01,40.7,76.72
2019-07-29,2512.7,61947.55,14.06,99.33,51.62,3689.98,0.482,3.2,40.24,76.68
2019-07-30,2215.11,54678.12,13.18,99.33,51.65,3690.09,0.51,3.1,36.8,76.78
2019-07-31,2350.0,57985.64,13.12,99.38,51.39,3695.61,0.452,2.86,33.92,76.75
2019-08-01,1517.22,37337.9,15.22,99.4,51.24,3692.2,0.513,3.12,31.62,76.54
2019-08-02,2625.26,64586.57,14.76,99.41,51.09,3704.27,0.499,3.42,30.69,76.52
2019-08-05,1975.0,48470.21,15.54,99.42,51.06,3704.45,0.517,3.17,32.93,76.33
2019-08-06,1723.72,42183.95,14.5,99.48,50.93,3711.57,0.507,3.08,28.11,76.12
2019-08-07,2028.84,49768.83,13.13,99.45,50.9,3707.54,0.541,3.25,27.29,76.3
2019-08-08,1666.84,40795.67,15.49,99.37,50.58,3708.19,0.504,3.12,26.43,76.13
2019-08-09,1891.65,46200.1,13.36,99.34,50.28,3712.56,0.49,3.12,27.15,75.96
2019-08-12,1955.72,47818.25,12.96,99.45,50.3,3707.13,0.509,2.93,26.62,76.05
2019-08-13,1565.83,38445.18,13.7,99.39,50.23,3717.47,0.524,3.12,18.94,76.37
2019-08-14,1877.32,46157.0,14.35,99.45,50.02,3716.15,0.511,3.24,26.48,76.47
2019-08-15,1540.24,37929.7,14.49,99.38,50.0,3709.29,0.514,2.96,26.78,76.6
2019-08-16,1541.3,37966.09,13.42,99.37,50.0,3715.09,0.494,3.3,21.34,76.62
2019-08-19,1423.51,35041.38,14.79,99.4,50.12,3719.25,0.498,3.07,21.09,76.56
2019-08-20,1671.99,41099.51,12.97,99.37,50.14,3740.53,0.478,2.95,21.77,76.46
2019-08-21,1626.21,40033.63,12.71,99.32,49.94,3747.67,0.575,3.23,20.84,76.57
2019-08-22,1995.61,49153.24,11.82,99.33,49.89,3767.82,0.488,3.04,22.52,76.61
2019-08-23,2219.77,54686.21,13.36,99.26,50.03,3765.19,0.507,3.2,17.92,76.63
2019-08-26,2054.88,50593.58,14.32,99.31,50.08,3761.61,0.508,3.04,19.36,76.58
2019-08-27,2161.21,53282.9,14.57,99.27,49.91,3776.37,0.559,3.07,24.48,76.68
2019-08-28,2103.76,51723.04,13.95,99.29,50.07,3775.67,0.526,3.15,19.37,76.47
2019-08-29,1438.44,35436.87,13.48,99.24,49.89,3765.7,0.575,3.12,23.56,76.63
2019-08-30,1647.84,40647.17,14.56,99.22,49.79,3761.63,0.52,2.78,21.65,76.72
2019-09-02,2422.16,59723.3,13.32,99.2,49.4,3761.8,0.551,2.91,17.2,76.69
2019-09-03,1578.01,39008.26,14.06,99.25,49.36,3763.15,0.52,3.22,21.98,76.89
2019-09-04,2446.86,60717.34,12.39,99.28,49.36,3764.98,0.612,3.05,20.38,77.18
2019-09-05,1637.44,40694.35,11.63,99.2,49.26,3760.21,0.514,3.0,19.62,77.3
2019-09-06,1038.54,25756.14,14.1,99.1,49.21,3761.53,0.562,2.87,20.95,77.14
2019-09-09,1698.8,42183.76,15.74,99.02,49.01,3755.37,0.574,2.91,21.34,77.23
2019-09-10,2108.8,52405.38,13.85,98.96,49.05,3759.36,0.57,2.77,21.75,77.29
2019-09-11,2405.8,59607.75,14.54,99.01,48.9,3753.65,0.554,3.06,22.64,77.06
2019-09-12,1239.94,30751.1,14.35,99.01,48.95,3746.09,0.559,2.98,21.05,77.14
2019-09-13,2090.59,51762.71,13.4,99.06,48.97,3741.94,0.566,2.92,17.44,77.01
2019-09-16,2130.18,52856.5,12.1,99.0,48.94,3736.73,0.563,3.06,19.21,77.18
2019-09-17,2278.37,56428.13,14.55,98.98,48.94,3733.25,0.599,3.12,26.01,77.03
2019-09-18,849.11,21038.32,15.15,98.94,48.95,3739.85,0.639,3.38,21.54,77.06
2019-09-19,2466.67,61131.51,13.97,98.83,48.87,3742.44,0.558,2.84,24.8,77.08
2019-09-20,2050.19,50826.78,13.51,98.89,48.54,3747.59,0.536,3.24,22.83,77.11
2019-09-23,2048.4,50731.94,14.01,98.82,48.8,3761.14,0.577,3.21,20.5,77.03
2019-09-24,2262.47,55948.77,13.35,98.73,49.18,3776.86,0.66,2.95,20.6,76.92
2019-09-25,1139.66,28183.17,14.69,98.74,49.19,3795.63,0.561,3.09,19.91,76.92
2019-09-26,2239.34,55448.71,13.47,98.79,49.02,3789.29,0.637,2.99,16.49,77.02
2019-09-27,2762.99,68370.65,14.19,98.82,49.03,3790.62,0.64,3.09,19.98,76.97
2019-09-30,1374.24,33933.53,14.81,98.84,48.74,3789.19,0.576,3.28,22.36,76.8
2019-10-01,1856.57,45799.65,14.09,98.92,48.82,3791.01,0.612,3.15,18.72,76.73
2019-10-02,1891.65,46627.48,13.69,98.87,49.09,3785.93,0.646,3.13,20.73,76.67
2019-10-03,2016.75,49714.27,12.23,98.76,49.15,3800.12,0.589,2.99,21.6,76.67
2019-10-04,2054.05,50567.58,13.76,98.78,49.22,3792.86,0.596,2.83,18.07,76.57
2019-10-07,1652.14,40717.04,14.36,98.75,48.83,3789.77,0.588,3.02,18.97,76.65
2019-10-08,1928.99,47560.55,12.16,98.78,48.74,3784.96,0.577,3.23,17.83,76.69
2019-10-09,2544.83,62906.8,13.56,98.88,48.48,3773.28,0.591,2.82,18.21,76.89
2019-10-10,2032.33,50141.56,13.25,98.93,48.76,3771.76,0.576,2.89,17.27,76.74
2019-10-11,2048.06,50673.84,11.4,98.94,48.72,3764.41,0.616,3.07,18.04,76.96
2019-10-14,1666.33,41336.11,13.83,98.89,48.64,3754.72,0.594,2.9,22.67,77.16
2019-10-15,2414.89,59903.82,14.5,98.95,48.72,3761.83,0.627,2.93,17.99,77.16
2019-10-16,1855.85,46137.41,13.47,99.0,48.9,3774.95,0.576,2.98,20.07,77.32
2019-10-17,1157.02,28743.7,11.34,99.04,49.0,3773.05,0.635,2.84,18.8,77.27
2019-10-18,2085.59,51725.81,13.78,99.04,48.84,3789.54,0.653,2.9,22.16,77.14
2019-10-21,2202.24,54658.7,14.72,98.98,48.89,3792.38,0.57,3.15,22.42,77.2
2019-10-22,1832.17,45522.77,12.65,98.98,48.98,3778.17,0.644,2.85,21.52,77.28
2019-10-23,1137.59,28292.24,12.99,99.05,48.9,3788.61,0.672,2.8,20.39,77.36
2019-10-24,1574.24,39190.4,12.93,99.0,49.02,3794.3,0.601,2.95,19.31,77.43
2019-10-25,1922.93,47716.4,13.36,99.02,48.87,3800.59,0.69,3.15,17.38,77.18
2019-10-28,1802.34,44676.7,13.09,99.13,48.97,3796.18,0.655,3.01,23.65,77.1
2019-10-29,2102.55,51996.38,14.32,99.17,49.17,3793.65,0.624,2.97,18.23,76.92
2019-10-30,2168.09,53551.73,14.56,99.19,49.24,3784.5,0.646,3.04,21.07,76.83
2019-10-31,1767.92,43664.53,12.65,99.19,49.07,3786.87,0.667,2.77,21.86,76.82
2019-11-01,1397.48,34497.27,14.47,99.23,49.15,3791.91,0.655,3.11,18.62,76.78
2019-11-04,2447.54,60726.02,11.92,99.4,49.3,3792.34,0.671,3.09,21.8,77.17
2019-11-05,2135.25,53029.68,12.53,99.35,49.43,3784.88,0.63,2.97,21.25,77.25
2019-11-06,2177.66,54082.19,14.14,99.3,49.25,3787.94,0.665,3.18,23.17,77.25
2019-11-07,2034.74,50384.3,13.12,99.31,49.25,3796.71,0.62,2.86,18.76,77.02
2019-11-08,2301.24,56957.61,13.35,99.24,49.26,3800.95,0.662,3.2,17.12,76.98
2019-11-11,1756.59,43504.18,13.56,99.18,49.83,3796.78,0.64,3.05,18.68,77.03
2019-11-12,2191.47,54172.01,12.99,99.11,49.97,3791.94,0.648,2.98,20.1,76.89
2019-11-13,2141.3,52943.01,14.52,99.1,49.93,3783.45,0.71,3.02,19.79,76.9
2019-11-14,2145.43,53051.14,13.97,98.97,50.15,3792.3,0.708,3.01,18.88,76.91
2019-11-15,1461.47,36116.7,13.16,98.91,50.11,3799.92,0.696,3.21,15.84,76.86
2019-11-18,1937.88,47875.0,14.11,98.83,50.12,3807.13,0.647,2.86,20.59,76.84
2019-11-19,2033.62,50255.38,14.01,98.8,50.43,3811.18,0.673,2.91,23.59,76.86
2019-11-20,2552.17,63133.34,13.42,98.81,50.68,3810.55,0.721,3.18,20.57,76.94
2019-11-21,1895.89,46870.35,13.17,98.83,50.75,3818.13,0.692,2.93,20.85,76.89
2019-11-22,2269.94,55961.02,12.56,98.82,50.62,3814.28,0.76,3.15,20.77,76.68
2019-11-25,1316.38,32517.51,13.14,98.84,50.06,3801.1,0.704,3.27,20.41,76.83
2019-11-26,1599.24,39586.23,13.41,98.81,50.09,3804.64,0.701,2.96,21.47,76.99
2019-11-27,2024.04,50121.46,13.66,98.79,49.92,3811.66,0.688,3.12,20.39,77.02
2019-11-28,2002.84,49705.92,12.51,98.73,50.13,3814.59,0.704,2.84,18.97,77.19
2019-11-29,1580.86,39172.82,13.55,98.73,50.36,3823.06,0.698,3.13,17.99,77.07
2019-12-02,2193.0,54291.67,13.09,98.69,50.12,3833.65,0.726,3.04,19.08,77.0
2019-12-03,1776.54,44098.04,13.16,98.58,49.88,3832.98,0.736,3.08,20.19,77.21
2019-12-04,1750.37,43476.51,14.14,98.57,49.8,3834.21,0.686,2.91,18.93,77.26
2019-12-05,1799.48,44691.52,13.71,98.69,49.83,3835.32,0.673,2.76,20.18,77.25
2019-12-06,2350.66,58593.33,13.7,98.58,50.01,3833.79,0.66,3.08,20.42,77.53
2019-12-09,2239.61,55944.95,14.08,98.57,49.76,3832.93,0.733,2.7,21.2,77.7
2019-12-10,2539.87,63348.77,12.73,98.45,49.35,3843.62,0.687,2.96,22.09,77.58
2019-12-11,2029.44,50609.66,12.76,98.53,49.29,3843.8,0.658,3.15,19.67,77.57
2019-12-12,2536.77,63205.84,13.13,98.63,49.18,3849.67,0.737,3.03,16.89,77.5
2019-12-13,1921.91,47775.96,13.66,98.68,49.14,3852.97,0.802,3.3,18.81,77.32
2019-12-16,1778.64,44202.82,14.35,98.76,49.4,3848.28,0.73,3.16,19.58,77.3
2019-12-17,1649.72,40904.72,12.69,98.73,49.28,3836.19,0.758,2.9,15.81,77.12
2019-12-18,1776.11,44051.11,13.19,98.68,49.46,3840.22,0.737,3.0,22.25,77.14
2019-12-19,1766.4,43798.32,14.52,98.58,49.4,3841.34,0.735,2.99,19.75,77.12
2019-12-20,1537.95,38171.55,12.37,98.56,49.48,3834.61,0.768,2.76,20.22,77.2
2019-12-23,1588.15,39341.93,14.49,98.61,49.62,3846.21,0.734,2.86,22.18,77.05
2019-12-24,2025.15,50108.73,13.45,98.62,49.58,3848.7,0.753,2.91,18.18,76.96
2019-12-25,1619.78,40031.15,12.67,98.59,49.26,3859.51,0.757,2.69,20.57,76.87
2019-12-26,1187.82,29226.99,12.54,98.68,49.04,3853.69,0.73,3.0,19.2,76.53
2019-12-27,1178.89,29016.18,13.27,98.59,48.99,3847.93,0.782,2.95,19.04,76.56
2019-12-30,1070.55,26318.02,13.78,98.52,48.67,3849.24,0.75,2.74,17.85,76.46
2019-12-31,1351.79,33340.58,13.75,98.57,48.39,3842.08,0.735,3.05,22.72,76.71
2020-01-01,1433.4,35391.64,14.49,98.44,48.26,3844.76,0.776,3.1,18.63,76.8
2020-01-02,1520.72,37529.3,14.53,98.35,48.04,3842.21,0.736,3.02,20.77,76.76
2020-01-03,1972.87,48592.33,14.08,98.32,48.15,3843.58,0.766,2.94,15.61,76.61
2020-01-06,1412.07,34742.3,14.51,98.35,48.26,3844.52,0.767,3.07,21.71,76.53
2020-01-07,1545.06,38024.64,13.21,98.37,47.75,3839.98,0.803,3.09,21.44,76.55
2020-01-08,1185.34,29245.21,14.22,98.43,47.83,3839.58,0.787,3.03,19.53,76.74
2020-01-09,1618.34,39874.1,15.24,98.44,47.66,3845.56,0.774,2.86,18.87,76.64
2020-01-10,2133.28,52498.72,14.39,98.37,47.59,3844.47,0.802,3.02,20.11,76.54
2020-01-13,1873.53,46158.5,13.57,98.33,47.84,3840.2,0.822,3.16,23.88,76.63
2020-01-14,1883.36,46511.87,12.73,98.29,47.84,3849.67,0.799,2.89,15.76,76.81
2020-01-15,1861.01,45850.64,13.96,98.33,47.76,3846.5,0.785,3.29,20.84,76.63
2020-01-16,1376.03,33976.33,14.06,98.35,47.57,3853.69,0.748,2.9,17.45,76.8
2020-01-17,1713.2,42272.12,13.7,98.31,47.58,3851.81,0.758,2.98,19.22,76.75
2020-01-20,1935.54,47746.32,12.53,98.2,47.67,3855.4,0.783,2.87,18.75,76.73
2020-01-21,2234.94,55351.98,14.27,98.2,47.81,3850.6,0.777,3.01,18.38,77.03
2020-01-22,2027.2,50135.53,14.27,98.09,47.7,3845.12,0.792,2.71,19.21,76.92
2020-01-23,2195.26,54264.6,12.57,98.01,48.06,3846.67,0.802,2.89,16.95,76.88
2020-01-24,1463.92,36173.73,14.39,98.01,48.03,3846.67,0.818,2.81,21.26,76.86
2020-01-27,1303.89,32126.64,13.48,98.01,48.37,3840.26,0.803,2.99,15.61,76.64
2020-01-28,1230.14,30288.77,14.18,97.95,48.38,3830.08,0.822,3.12,20.26,76.58
2020-01-29,2209.01,54446.1,14.01,97.93,48.69,3810.51,0.812,3.06,18.52,76.66
2020-01-30,1365.42,33586.44,13.32,97.94,49.0,3804.11,0.753,2.61,16.82,76.51
2020-01-31,2306.8,56781.12,13.33,98.03,48.84,3810.09,0.787,3.27,19.56,76.56
2020-02-03,1719.92,42290.48,13.71,98.06,48.81,3804.8,0.813,3.01,16.03,76.48
2020-02-04,2483.78,60986.04,13.4,98.0,48.77,3810.58,0.784,2.84,19.21,76.37
2020-02-05,1695.38,41667.4,13.59,97.96,48.91,3814.68,0.84,2.98,16.27,76.44
2020-02-06,1753.74,43017.11,13.35,97.96,48.73,3808.04,0.871,2.98,20.03,76.29
2020-02-07,1913.11,46916.56,13.68,97.99,48.51,3807.67,0.864,2.86,17.25,76.28
2020-02-10,1729.89,42510.85,13.41,97.98,49.09,3810.4,0.824,2.99,18.18,76.43
2020-02-11,2045.43,50059.51,12.52,97.95,49.24,3802.84,0.877,2.86,19.66,76.12
2020-02-12,1471.66,36064.84,13.8,98.03,49.47,3801.08,0.839,2.89,17.52,76.22
2020-02-13,1931.24,47307.14,14.41,98.01,49.51,3811.02,0.827,2.85,18.94,76.19
2020-02-14,1589.86,38831.67,13.58,97.88,49.58,3812.51,0.822,2.74,16.01,75.97
2020-02-17,1790.59,43773.63,13.46,98.03,49.74,3824.29,0.833,2.97,20.29,76.04
2020-02-18,1384.87,33864.47,14.28,97.99,49.8,3822.93,0.833,3.04,22.55,76.06
2020-02-19,2231.05,54664.91,13.33,97.95,49.77,3821.05,0.853,3.02,24.59,76.21
2020-02-20,1786.71,43654.74,14.35,97.96,49.72,3823.97,0.855,3.07,19.18,76.0
2020-02-21,2239.29,54583.68,14.47,97.95,50.0,3826.4,0.853,2.99,20.56,75.82
2020-02-24,1611.76,39285.59,13.21,97.98,49.88,3847.37,0.868,2.86,15.41,75.81
2020-02-25,1912.59,46605.01,13.8,97.97,50.01,3859.97,0.893,3.07,21.97,75.79
2020-02-26,2227.8,54332.22,12.44,98.0,50.04,3862.65,0.888,2.74,20.51,75.86
2020-02-27,1461.73,35515.8,13.78,97.94,50.0,3856.45,0.818,2.8,17.97,75.57
2020-02-28,1576.9,38379.06,13.27,97.78,50.17,3856.49,0.788,2.79,21.41,75.7
2020-03-02,2215.88,53930.56,11.32,97.79,50.1,3860.09,0.896,3.1,18.41,75.7
2020-03-03,2417.93,58839.31,13.68,97.71,49.68,3858.52,0.829,3.08,18.0,75.69
2020-03-04,1950.05,47512.85,13.53,97.6,49.86,3851.87,0.866,3.01,19.85,75.78
2020-03-05,1562.5,38065.24,12.63,97.59,49.9,3848.64,0.84,3.09,16.77,75.77
2020-03-06,1812.93,44354.51,14.4,97.59,49.97,3844.94,0.823,2.8,20.93,76.1
2020-03-09,2631.7,64360.39,13.04,97.6,50.19,3855.66,0.896,2.98,16.77,76.07
2020-03-10,1414.4,34605.51,12.74,97.65,50.17,3871.2,0.905,2.91,16.77,76.1
2020-03-11,2112.79,51708.21,14.51,97.62,50.43,3875.49,0.868,3.06,17.04,76.12
2020-03-12,1965.68,48018.34,14.0,97.51,50.38,3882.71,0.81,2.91,20.38,75.98
2020-03-13,1473.68,36091.72,12.57,97.54,50.81,3881.56,0.874,2.87,17.62,76.18
2020-03-16,1779.95,43579.89,13.42,97.56,50.56,3894.05,0.904,3.01,16.15,76.15
2020-03-17,1235.34,30177.14,12.84,97.48,50.55,3898.25,0.851,3.05,17.63,75.98
2020-03-18,2010.83,48977.29,12.24,97.58,50.48,3899.75,0.903,2.82,18.78,75.76
2020-03-19,2090.78,51025.3,12.12,97.52,50.22,3900.45,0.9,2.91,16.48,75.91
2020-03-20,1435.4,35143.97,13.78,97.56,50.01,3895.01,0.92,2.76,16.54,76.15
2020-03-23,2148.31,52670.3,12.72,97.59,49.99,3901.37,0.909,2.54,23.07,76.26
2020-03-24,1701.32,41770.86,12.48,97.51,49.62,3893.09,0.878,2.95,17.13,76.37
2020-03-25,1684.29,41337.55,13.31,97.47,49.59,3892.58,0.946,3.01,18.21,76.34
2020-03-26,1593.02,39020.38,15.84,97.49,49.71,3895.08,0.908,2.95,18.13,76.19
2020-03-27,2202.57,54020.72,13.73,97.54,49.46,3902.8,0.914,2.62,18.04,76.29
2020-03-30,1326.65,32599.16,14.33,97.48,49.27,3910.31,0.89,2.86,20.14,76.43
2020-03-31,1344.37,33044.01,12.6,97.43,48.95,3905.23,0.907,2.58,20.81,76.45
2020-04-01,1698.62,41792.09,14.15,97.34,48.82,3911.16,0.896,3.11,18.33,76.53
2020-04-02,1697.0,41613.06,13.39,97.4,48.74,3918.96,0.92,2.75,16.5,76.27
2020-04-03,2144.66,52556.69,13.29,97.44,48.54,3926.24,0.979,3.1,21.55,76.22
2020-04-06,1868.39,45804.97,13.52,97.41,48.36,3923.51,0.889,3.05,18.86,76.25
2020-04-07,1885.06,46318.17,13.13,97.32,48.35,3919.27,0.884,2.77,22.56,76.42
2020-04-08,1302.6,31947.87,13.32,97.3,48.39,3926.79,0.979,2.73,14.66,76.29
2020-04-09,1844.16,45342.09,13.47,97.28,48.11,3924.65,0.931,2.95,19.61,76.47
2020-04-10,1066.77,26213.12,13.26,97.29,47.97,3931.59,0.92,2.77,23.14,76.43
2020-04-13,2070.71,51021.81,13.52,97.17,47.8,3933.97,0.974,2.91,18.68,76.64
2020-04-14,2230.91,54909.75,14.43,97.2,47.44,3937.74,0.927,2.83,19.04,76.56
2020-04-15,1698.54,41844.68,12.51,97.17,47.39,3936.35,1.002,2.63,20.2,76.63
2020-04-16,2119.57,52180.84,12.93,97.21,47.44,3946.61,0.97,2.56,18.63,76.57
2020-04-17,1842.77,45599.38,14.04,97.23,47.45,3949.4,0.938,2.93,19.28,76.97
2020-04-20,2470.99,61004.31,13.11,97.15,47.24,3952.19,1.02,2.81,19.41,76.79
2020-04-21,2090.42,51432.48,14.71,97.13,47.42,3960.13,0.939,2.81,19.04,76.53
2020-04-22,1626.43,40011.35,15.0,97.09,47.55,3972.68,0.982,2.99,22.99,76.52
2020-04-23,2463.7,60652.8,14.9,97.09,47.37,3977.23,0.971,3.06,21.72,76.57
2020-04-24,2324.39,57124.21,14.14,97.02,47.27,3988.2,1.004,2.85,21.61,76.44
2020-04-27,1868.07,45952.65,14.5,96.98,47.41,3998.61,1.014,2.83,23.08,76.51
2020-04-28,2213.94,54509.44,13.68,96.93,47.28,3996.39,0.971,2.96,21.33,76.58
2020-04-29,2201.19,54230.03,13.0,96.81,47.47,3989.53,0.95,2.68,20.76,76.63
2020-04-30,1895.36,46621.16,13.32,96.82,47.74,3985.91,0.989,2.91,21.62,76.51
2020-05-01,2097.2,51594.41,12.53,96.92,47.7,3987.65,0.957,2.96,23.42,76.52
2020-05-04,2147.77,52867.44,13.56,96.88,47.68,3976.15,1.04,2.98,21.96,76.56
2020-05-05,1796.34,44214.15,13.44,96.89,47.66,3970.1,0.987,2.59,23.84,76.56
2020-05-06,2559.28,62843.62,13.77,96.85,47.89,3971.45,0.974,2.76,24.67,76.38
2020-05-07,1343.33,33062.1,16.59,96.68,48.03,3975.09,0.993,2.74,30.93,76.55
2020-05-08,2282.86,56144.05,13.21,96.61,47.8,3964.81,0.95,2.89,22.24,76.5
2020-05-11,1581.61,39004.46,14.07,96.69,47.51,3963.14,0.963,2.94,28.69,76.71
2020-05-12,1958.95,48578.37,16.6,96.81,47.36,3951.29,1.031,3.09,33.93,77.13
2020-05-13,1462.79,36177.35,13.69,96.79,47.27,3961.88,0.978,2.79,32.34,76.92
2020-05-14,1586.52,39134.51,13.54,96.73,47.04,3965.62,0.969,2.79,35.44,76.72
2020-05-15,2077.31,51152.51,14.48,96.76,47.19,3963.91,1.019,3.04,36.22,76.59
2020-05-18,2126.58,52441.38,14.01,96.69,47.18,3962.95,1.041,2.91,37.05,76.7
2020-05-19,2484.94,61295.68,15.72,96.69,47.33,3969.92,1.029,3.05,36.58,76.72
2020-05-20,1959.27,48268.88,15.23,96.67,47.5,3957.81,1.04,2.91,44.52,76.63
2020-05-21,2310.9,57008.29,14.03,96.61,47.3,3949.9,0.99,2.69,46.0,76.73
2020-05-22,2088.07,51799.22,15.45,96.63,47.68,3951.31,0.972,2.66,49.86,77.16
2020-05-25,2312.79,57438.77,15.71,96.61,47.97,3955.21,1.063,2.63,54.89,77.25
2020-05-26,1733.29,43128.76,15.15,96.7,47.91,3954.24,1.01,2.96,64.41,77.39
2020-05-27,2177.85,54042.2,16.64,96.76,47.71,3938.47,1.015,3.03,60.67,77.18
2020-05-28,2271.38,56135.57,16.33,96.75,47.53,3934.84,1.065,3.13,51.83,76.87
2020-05-29,1937.46,47961.61,14.27,96.65,47.61,3930.07,1.044,2.98,46.53,77.0
2020-06-01,2259.27,55911.64,14.14,96.58,47.48,3917.01,1.044,3.03,41.62,76.97
2020-06-02,2278.44,56607.2,14.72,96.63,47.51,3901.68,1.097,2.76,41.84,77.28
2020-06-03,1909.39,47460.78,14.48,96.66,47.84,3899.69,1.016,2.67,41.76,77.31
2020-06-04,2380.75,58996.44,15.42,96.58,47.8,3889.51,1.065,2.97,35.3,77.08
2020-06-05,1226.96,30387.76,14.14,96.56,47.71,3887.91,1.042,2.91,28.92,77.03
2020-06-08,1376.3,33922.87,14.53,96.5,47.77,3890.4,1.051,2.86,33.15,76.66
2020-06-09,1692.7,41718.05,13.75,96.42,47.8,3879.79,1.091,2.9,32.13,76.66
2020-06-10,2151.97,53054.53,15.23,96.3,47.58,3883.69,1.063,2.89,25.52,76.68
2020-06-11,1773.16,43692.75,13.96,96.28,47.2,3884.22,1.066,3.03,27.76,76.64
2020-06-12,1565.78,38672.68,13.73,96.26,47.14,3879.19,1.085,3.03,27.17,76.82
2020-06-15,1997.18,49336.03,14.49,96.22,47.03,3886.14,1.044,2.92,25.11,76.83
2020-06-16,2056.81,50726.33,15.26,96.13,46.9,3894.91,1.032,2.96,22.78,76.71
2020-06-17,1820.38,45001.82,14.87,96.13,46.88,3893.67,1.029,2.91,25.61,76.89
2020-06-18,1606.06,39724.87,13.74,96.08,46.95,3891.49,1.004,2.76,22.07,76.93
2020-06-19,2045.67,50607.02,13.85,96.11,46.76,3890.75,1.127,2.94,19.29,76.95
2020-06-22,2356.24,58075.03,12.67,96.1,46.88,3870.04,1.034,2.62,17.61,76.66
2020-06-23,1637.78,40433.15,16.23,96.06,46.68,3866.31,1.063,2.99,23.75,76.79
2020-06-24,2667.44,65887.74,15.47,96.1,46.63,3862.95,1.064,2.65,22.03,76.83
2020-06-25,1861.24,45866.09,14.44,96.04,46.64,3860.13,1.084,2.87,20.59,76.65
2020-06-26,1834.97,45310.46,13.93,95.98,46.77,3856.96,1.102,2.7,19.19,76.8
2020-06-29,2123.87,52439.89,13.09,95.97,46.99,3852.53,1.106,2.91,18.71,76.8
2020-06-30,2122.56,52530.47,13.97,96.0,47.05,3864.35,1.065,2.82,17.35,76.98
2020-07-01,1274.95,31557.05,14.74,95.97,47.02,3866.6,1.08,2.58,18.4,76.99
2020-07-02,2060.8,51084.84,14.65,95.96,47.08,3870.92,1.096,2.88,14.81,77.1
2020-07-03,2323.41,57467.77,13.53,95.96,47.14,3877.05,1.083,2.73,17.39,76.93
2020-07-06,2467.28,60828.4,14.9,95.93,47.0,3886.02,1.141,2.95,18.07,76.68
2020-07-07,2013.35,49763.94,15.18,95.93,46.98,3892.72,1.11,2.81,19.76,76.88
2020-07-08,1938.75,47767.13,14.14,95.92,46.9,3894.87,1.12,2.87,18.33,76.63
2020-07-09,2302.98,56806.25,14.95,95.81,46.94,3882.73,1.12,2.67,19.88,76.72
2020-07-10,2705.22,66690.22,15.64,95.87,46.59,3888.39,1.138,2.72,20.87,76.68
2020-07-13,2073.52,51241.65,15.78,95.94,46.29,3894.48,1.11,2.74,20.19,76.86
2020-07-14,1991.34,49244.8,13.57,95.94,45.83,3891.55,1.069,2.93,18.93,76.92
2020-07-15,2523.56,62494.34,14.56,95.98,45.97,3886.83,1.122,3.06,17.93,77.03
2020-07-16,1656.88,41122.31,14.35,95.98,45.87,3874.3,1.093,2.68,15.87,77.2
2020-07-17,2107.61,52269.77,14.19,96.01,45.85,3876.7,1.099,2.96,19.25,77.14
2020-07-20,2986.33,74146.91,15.01,96.05,45.45,3872.54,1.135,2.47,21.07,77.23
2020-07-21,2239.25,55733.45,13.86,96.01,45.54,3867.53,1.157,2.62,18.34,77.41
2020-07-22,2329.08,57819.81,13.9,96.03,45.57,3871.22,1.123,2.65,21.44,77.21
2020-07-23,1907.91,47268.51,12.28,96.09,45.82,3861.42,1.134,2.59,14.5,77.06
2020-07-24,2226.83,55261.81,12.05,96.15,46.1,3860.44,1.179,2.56,15.2,77.19
2020-07-27,2473.65,61585.23,13.63,96.22,46.16,3863.57,1.137,2.85,19.18,77.44
2020-07-28,1452.13,36069.25,11.22,96.3,46.17,3870.1,1.211,2.76,17.96,77.26
2020-07-29,1992.64,49446.7,15.18,96.32,46.22,3876.65,1.152,2.85,20.03,77.18
2020-07-30,2138.85,52949.13,14.69,96.25,46.19,3880.41,1.085,2.89,17.34,77.0
2020-07-31,1989.24,49059.67,14.38,96.27,46.12,3868.79,1.163,2.83,15.6,76.71
2020-08-03,1846.54,45486.97,14.84,96.31,46.1,3878.67,1.154,2.88,16.88,76.62
2020-08-04,2532.37,62377.61,13.33,96.35,46.13,3879.54,1.184,2.77,14.22,76.61
2020-08-05,2097.87,51609.77,13.71,96.3,45.96,3873.86,1.168,2.6,15.0,76.52
2020-08-06,1764.57,43525.68,13.68,96.33,45.88,3865.78,1.146,2.94,19.18,76.72
2020-08-07,2378.84,58554.46,14.77,96.29,46.24,3867.57,1.116,2.69,18.96,76.56
2020-08-10,2505.98,61748.93,11.39,96.32,46.12,3865.15,1.149,2.64,17.92,76.64
2020-08-11,2441.52,60138.59,14.5,96.42,46.03,3875.98,1.132,2.75,13.73,76.61
2020-08-12,1888.39,46538.86,11.94,96.35,46.1,3881.26,1.143,2.64,16.44,76.65
2020-08-13,1926.9,47572.6,13.34,96.31,45.9,3891.05,1.18,2.71,14.69,76.79
2020-08-14,1709.99,42194.28,12.88,96.3,45.81,3889.06,1.215,2.82,19.47,76.75
2020-08-17,2171.99,53669.28,13.42,96.37,45.51,3893.48,1.179,2.82,15.94,76.86
2020-08-18,2456.23,60883.27,12.76,96.55,45.48,3901.56,1.134,2.63,14.92,77.1
2020-08-19,2257.89,56059.67,13.1,96.57,45.28,3901.31,1.186,2.69,17.14,77.22
2020-08-20,2705.94,67149.88,13.99,96.56,44.85,3892.97,1.211,2.93,15.79,77.19
2020-08-21,1343.92,33302.28,13.94,96.54,44.91,3893.44,1.159,2.84,20.03,77.07
2020-08-24,2077.38,51444.37,14.61,96.41,45.04,3899.05,1.176,3.07,15.59,77.02
2020-08-25,2339.78,58102.82,13.92,96.4,44.98,3892.76,1.183,2.94,14.25,77.24
2020-08-26,1781.27,44253.17,12.02,96.39,45.33,3894.49,1.161,2.93,12.75,77.27
2020-08-27,1582.58,39309.64,15.39,96.46,44.98,3892.48,1.207,2.55,16.99,77.26
2020-08-28,1585.66,39409.53,11.73,96.32,44.65,3894.84,1.186,2.87,15.93,77.3
2020-08-31,2066.42,51416.94,13.56,96.3,44.65,3889.28,1.205,2.75,14.2,77.39
2020-09-01,1598.25,39668.43,14.12,96.3,44.83,3886.05,1.168,2.67,19.45,77.2
2020-09-02,2605.38,64818.31,13.72,96.21,44.78,3888.75,1.184,2.78,18.42,77.38
2020-09-03,2235.32,55780.07,13.27,96.27,44.68,3883.41,1.222,2.89,17.05,77.62
2020-09-04,1986.57,49551.57,14.77,96.26,44.45,3877.54,1.191,2.82,19.86,77.58
2020-09-07,2023.44,50431.9,14.19,96.28,44.8,3868.38,1.257,2.61,18.48,77.52
2020-09-08,2431.55,60690.04,13.23,96.26,44.67,3872.67,1.196,2.86,15.55,77.63
2020-09-09,2498.94,62335.82,12.67,96.22,44.79,3881.82,1.217,2.65,15.16,77.59
2020-09-10,1674.47,41834.07,12.74,96.11,44.82,3881.56,1.24,2.77,18.92,77.71
2020-09-11,1778.2,44499.49,12.66,96.14,44.52,3877.48,1.172,2.69,18.14,77.84
2020-09-14,1901.34,47590.44,13.32,96.18,44.67,3882.16,1.165,2.71,17.76,77.85
2020-09-15,1787.29,44780.89,11.81,96.21,44.53,3893.02,1.174,2.85,15.81,77.93
2020-09-16,1358.26,34138.59,13.29,96.14,44.6,3871.59,1.26,2.58,18.82,78.18
2020-09-17,1710.17,43162.95,14.24,96.09,44.69,3879.39,1.208,3.03,16.2,78.5
2020-09-18,1778.61,44972.93,12.72,96.0,44.64,3874.55,1.304,2.46,17.64,78.65
2020-09-21,1594.12,40121.77,13.54,95.97,44.97,3880.81,1.213,2.64,20.89,78.28
2020-09-22,2188.26,55146.68,13.66,96.03,45.24,3883.15,1.238,2.78,16.85,78.38
2020-09-23,1963.86,49343.7,13.77,96.06,45.22,3876.22,1.281,2.82,15.22,78.15
2020-09-24,2254.46,56718.93,13.25,96.0,45.38,3864.99,1.298,2.71,16.49,78.25
2020-09-25,1704.55,42979.01,15.31,95.9,45.62,3854.35,1.302,2.72,20.84,78.43
2020-09-28,2293.45,58038.51,13.73,95.9,45.98,3867.48,1.279,2.78,19.66,78.71
2020-09-29,2123.13,53823.72,12.36,95.91,45.91,3869.39,1.276,2.69,19.23,78.85
2020-09-30,1852.5,46905.82,13.46,95.88,46.32,3865.5,1.265,2.93,18.86,78.76
2020-10-01,2667.28,67602.15,15.04,95.84,46.13,3868.36,1.273,2.84,21.29,78.83
2020-10-02,2137.86,54133.85,14.88,95.79,45.88,3870.71,1.236,2.85,19.13,78.76
2020-10-05,1924.33,48637.28,12.2,95.76,46.01,3872.54,1.23,2.57,22.01,78.61
2020-10-06,2225.12,56153.33,13.61,95.69,45.81,3871.24,1.257,2.7,20.58,78.49
2020-10-07,1756.9,44286.52,13.38,95.69,46.15,3861.67,1.255,2.67,20.99,78.4
2020-10-08,2042.96,51579.82,14.51,95.69,45.76,3852.04,1.249,2.56,22.35,78.53
2020-10-09,2861.57,72231.09,13.08,95.69,45.75,3861.74,1.286,2.76,23.84,78.51
2020-10-12,1451.11,36579.56,15.56,95.69,45.88,3861.19,1.296,2.63,25.58,78.41
2020-10-13,1920.61,48408.21,13.11,95.75,45.53,3862.0,1.273,2.8,27.38,78.4
2020-10-14,2042.86,51544.79,13.73,95.72,45.74,3854.65,1.317,2.54,20.93,78.48
2020-10-15,1996.46,50256.97,13.54,95.7,45.44,3863.08,1.241,2.96,28.28,78.3
2020-10-16,1954.87,49091.83,14.97,95.79,45.5,3858.24,1.272,2.57,30.92,78.11
2020-10-19,2782.19,69640.69,13.01,95.69,45.53,3859.21,1.258,2.73,36.76,77.85
2020-10-20,1954.33,48877.78,14.65,95.55,45.57,3861.31,1.227,2.82,33.91,77.79
2020-10-21,2332.74,58304.24,14.78,95.57,45.73,3854.39,1.283,2.61,39.03,77.74
2020-10-22,1968.08,49150.15,14.62,95.54,45.89,3857.06,1.284,2.82,44.68,77.68
2020-10-23,2331.42,58344.55,16.06,95.64,45.72,3861.14,1.335,2.51,42.45,77.84
2020-10-26,2537.45,63283.19,17.28,95.68,45.52,3865.82,1.311,2.91,49.7,77.57
2020-10-27,2154.34,53566.49,14.88,95.71,45.54,3861.59,1.264,2.69,43.43,77.34
2020-10-28,1964.9,49018.53,15.09,95.74,45.19,3861.95,1.353,2.6,40.6,77.59
2020-10-29,2132.43,53222.42,14.32,95.66,45.45,3871.57,1.337,2.64,36.98,77.63
2020-10-30,2360.13,58889.06,13.77,95.65,45.41,3881.52,1.32,2.81,34.45,77.61
2020-11-02,2500.31,62541.64,13.91,95.76,45.88,3882.31,1.298,2.59,38.99,77.8
2020-11-03,2265.02,56538.5,13.59,95.67,45.98,3890.58,1.279,2.57,33.15,77.64
2020-11-04,2154.63,53743.54,15.75,95.65,45.85,3898.69,1.299,2.65,31.83,77.58
2020-11-05,2642.56,65925.48,14.66,95.57,45.64,3899.68,1.345,2.5,28.98,77.6
2020-11-06,1945.0,48692.02,13.39,95.59,45.9,3910.02,1.372,2.95,23.34,77.87
2020-11-09,2029.29,50699.52,13.32,95.63,45.24,3913.49,1.364,2.59,26.07,77.71
2020-11-10,2874.34,71991.81,13.46,95.56,45.14,3902.32,1.305,2.8,26.3,77.9
2020-11-11,2162.28,54038.28,12.32,95.54,45.56,3925.57,1.289,2.7,21.45,77.73
2020-11-12,2435.96,60969.89,14.45,95.61,45.54,3917.71,1.329,2.52,24.21,77.85
2020-11-13,1858.52,46686.27,13.84,95.6,45.68,3916.9,1.274,2.67,22.91,78.13
2020-11-16,2546.75,63996.78,15.68,95.52,45.67,3916.47,1.34,2.78,24.51,78.16
2020-11-17,1730.48,43441.03,11.77,95.53,45.78,3909.72,1.328,2.64,19.36,78.08
2020-11-18,1668.38,41952.54,14.43,95.63,45.61,3910.37,1.321,2.84,17.46,78.21
2020-11-19,2475.37,62354.31,14.63,95.53,45.62,3911.27,1.29,2.81,18.45,78.35
2020-11-20,2046.76,51595.8,14.87,95.49,45.87,3903.59,1.355,2.8,21.62,78.41
2020-11-23,2071.48,52235.15,13.55,95.45,45.86,3910.83,1.327,2.59,14.71,78.43
2020-11-24,2323.99,58556.59,14.08,95.47,45.89,3926.88,1.31,2.49,13.9,78.37
2020-11-25,2070.94,52276.83,13.78,95.47,46.13,3933.76,1.261,2.56,17.91,78.51
2020-11-26,1770.58,44772.06,12.88,95.49,46.34,3943.55,1.349,2.68,16.58,78.65
2020-11-27,1964.98,49762.77,13.3,95.58,46.38,3951.84,1.406,2.73,17.25,78.77
2020-11-30,1828.36,46428.24,13.04,95.56,46.22,3949.5,1.405,2.32,18.91,78.98
2020-12-01,2604.54,66298.21,14.56,95.5,46.0,3964.02,1.344,2.65,15.72,79.17
2020-12-02,2621.11,66729.14,14.47,95.49,46.04,3972.72,1.342,2.67,12.91,79.18
2020-12-03,1874.43,47713.02,14.4,95.56,46.04,3980.76,1.377,2.6,20.6,79.17
2020-12-04,2357.18,60050.58,13.59,95.53,46.39,3998.26,1.335,2.84,14.38,79.24
2020-12-07,2091.73,53387.23,11.49,95.56,47.03,4010.17,1.377,2.7,14.13,79.39
2020-12-08,2743.78,70003.44,14.33,95.55,47.37,4013.1,1.393,2.84,18.34,79.36
2020-12-09,3097.17,79124.74,13.92,95.52,47.27,4017.77,1.409,2.6,15.27,79.46
2020-12-10,2477.74,63213.48,13.67,95.48,47.21,4031.38,1.372,2.78,15.82,79.35
2020-12-11,2025.03,51778.53,13.98,95.52,46.89,4040.76,1.371,2.89,16.83,79.53
2020-12-14,1790.52,45762.62,12.79,95.48,46.95,4032.48,1.354,2.86,17.96,79.5
2020-12-15,2288.94,58394.41,12.82,95.45,47.0,4048.51,1.358,2.51,15.05,79.35
2020-12-16,2182.26,55648.18,12.75,95.33,47.2,4058.78,1.378,2.65,18.7,79.31
2020-12-17,1696.36,43373.37,12.97,95.3,47.01,4078.0,1.399,2.65,11.33,79.53
2020-12-18,2284.36,58308.22,14.32,95.27,47.07,4080.83,1.417,2.79,17.07,79.39
2020-12-21,3043.76,77566.02,13.79,95.26,47.07,4068.42,1.368,2.83,13.82,79.26
2020-12-22,2561.09,65312.0,12.57,95.21,47.27,4065.75,1.44,2.61,18.2,79.32
2020-12-23,1850.58,47195.29,15.19,95.12,46.99,4062.38,1.389,2.76,15.69,79.32
2020-12-24,2280.33,58024.26,13.42,95.12,47.25,4066.01,1.399,2.46,14.02,79.14
2020-12-25,2439.6,62079.16,13.2,95.14,47.26,4089.63,1.38,2.99,16.66,79.15
2020-12-28,2494.65,63505.27,13.33,95.08,47.25,4088.74,1.332,2.71,17.08,79.18
2020-12-29,1724.99,43833.4,13.12,95.07,47.0,4103.81,1.434,2.81,16.54,79.04
2020-12-30,2291.9,58290.5,13.61,95.03,46.96,4102.32,1.432,2.77,13.17,79.11
2020-12-31,2427.76,62049.12,12.4,95.0,47.01,4112.41,1.404,3.0,14.23,79.49
2021-01-01,2252.54,57845.99,13.35,94.99,46.96,4131.55,1.417,2.41,15.16,79.87
2021-01-04,1623.49,41609.86,14.32,94.94,46.99,4131.04,1.433,2.85,15.06,79.72
2021-01-05,2289.62,58718.47,14.35,94.86,46.75,4144.75,1.373,2.85,16.61,79.77
2021-01-06,2611.8,66760.06,13.68,94.95,46.74,4146.0,1.407,2.81,11.06,79.5
2021-01-07,2121.77,54092.13,14.53,94.92,46.55,4156.38,1.449,3.15,15.73,79.29
2021-01-08,2155.79,54968.98,14.0,94.92,46.16,4167.56,1.39,2.77,14.46,79.31
2021-01-11,2826.63,72057.59,14.76,94.98,45.88,4168.14,1.439,3.03,13.38,79.29
2021-01-12,2236.33,57132.48,13.64,95.03,45.81,4152.8,1.392,2.98,13.59,79.46
2021-01-13,2367.83,60703.25,13.21,94.95,45.88,4161.29,1.449,3.13,14.66,79.74
2021-01-14,1625.25,41795.92,13.78,94.9,45.89,4151.17,1.436,2.85,9.0,79.99
2021-01-15,1923.11,49450.76,14.69,95.06,46.17,4140.92,1.392,2.86,13.72,79.98
2021-01-18,3117.41,80218.1,13.61,95.05,46.23,4144.12,1.477,3.14,13.39,80.04
2021-01-19,2947.09,75935.98,15.47,95.08,46.24,4136.92,1.423,3.06,16.23,80.14
2021-01-20,2485.46,64150.66,13.96,95.08,46.14,4145.44,1.423,2.77,13.57,80.28
2021-01-21,1487.85,38392.67,14.74,95.05,46.25,4161.62,1.456,2.94,14.77,80.26
2021-01-22,1842.73,47590.61,13.15,95.03,46.23,4167.78,1.487,3.09,18.3,80.33
2021-01-25,1849.83,47894.0,14.96,95.03,45.85,4176.24,1.425,3.17,17.22,80.53
2021-01-26,1848.4,47991.38,14.54,95.04,45.84,4185.64,1.459,2.95,17.06,80.76
2021-01-27,2198.09,56888.03,15.72,94.86,45.84,4177.04,1.473,2.63,14.27,80.5
2021-01-28,2618.63,67532.98,14.95,94.81,45.81,4173.39,1.483,3.16,16.38,80.21
2021-01-29,2095.92,54078.74,14.84,94.75,46.37,4155.8,1.47,2.91,14.84,80.25
2021-02-01,2217.3,57131.47,13.57,94.62,46.5,4174.46,1.456,2.8,14.94,80.14
2021-02-02,2226.64,57379.11,14.62,94.55,46.67,4163.04,1.445,2.69,16.17,80.15
2021-02-03,2690.15,69234.42,15.76,94.4,46.8,4172.72,1.475,3.25,14.17,80.05
2021-02-04,2674.31,68774.11,14.58,94.49,46.72,4172.93,1.443,3.16,18.37,79.99
2021-02-05,2403.37,61638.97,14.01,94.44,46.77,4162.59,1.39,3.12,15.09,79.77
2021-02-08,2835.51,72924.1,16.81,94.39,46.83,4177.4,1.493,3.38,16.66,79.99
2021-02-09,2233.78,57595.57,14.83,94.42,46.9,4177.79,1.51,3.28,18.36,80.2
2021-02-10,3006.38,77589.98,15.9,94.38,46.76,4195.13,1.414,3.44,17.53,80.27
2021-02-11,2134.55,55114.5,14.15,94.41,46.83,4185.8,1.457,3.0,12.67,80.31
2021-02-12,1648.79,42491.25,14.66,94.37,46.77,4190.8,1.509,3.22,16.39,80.16
2021-02-15,1915.47,49418.3,14.77,94.34,46.53,4199.96,1.554,2.99,17.23,80.25
2021-02-16,1875.1,48346.73,15.61,94.3,46.33,4193.99,1.496,3.21,17.33,80.2
2021-02-17,2104.94,54253.87,15.91,94.34,46.25,4186.71,1.476,3.22,13.34,80.17
2021-02-18,2776.16,71395.15,14.56,94.29,46.24,4197.12,1.495,3.36,14.27,79.99
2021-02-19,2186.47,56220.5,16.21,94.12,45.98,4191.42,1.544,3.29,17.59,79.98
2021-02-22,1865.85,48069.31,15.22,94.1,45.67,4180.61,1.486,3.39,14.1,80.13
2021-02-23,1841.49,47504.44,14.95,94.14,45.47,4187.79,1.484,3.41,15.04,80.24
2021-02-24,2376.59,61487.88,16.13,94.08,45.36,4185.93,1.496,3.64,18.81,80.47
2021-02-25,2964.07,76701.66,16.41,94.0,45.67,4196.98,1.484,3.29,15.59,80.49
2021-02-26,2493.21,64648.92,15.49,93.94,45.77,4201.31,1.519,3.21,14.25,80.65
2021-03-01,2775.66,72027.68,14.49,93.79,45.31,4199.9,1.566,3.4,13.97,80.71
2021-03-02,2575.92,66954.69,15.3,93.7,45.21,4199.81,1.53,3.25,16.41,80.85
2021-03-03,1850.47,48064.41,15.81,93.64,45.23,4206.99,1.515,3.61,13.1,80.79
2021-03-04,2628.63,68472.04,14.7,93.66,45.45,4225.39,1.516,3.36,15.29,81.02
2021-03-05,2008.78,52436.61,15.54,93.62,45.43,4241.37,1.481,3.33,16.47,81.19
2021-03-08,2261.99,59133.07,14.77,93.64,45.79,4232.66,1.556,3.35,18.42,81.31
2021-03-09,2158.87,56618.1,16.05,93.54,45.65,4229.31,1.53,3.54,17.18,81.57
2021-03-10,2387.42,62640.23,16.57,93.67,46.07,4225.72,1.53,3.42,14.43,81.61
2021-03-11,2362.3,62143.07,15.32,93.6,46.01,4228.97,1.633,3.36,18.24,81.82
2021-03-12,2323.59,61232.25,16.17,93.52,46.0,4232.18,1.549,3.72,15.3,81.97
2021-03-15,2345.81,61719.78,15.98,93.58,46.08,4234.97,1.52,3.36,13.45,81.84
2021-03-16,2548.99,67029.47,14.91,93.49,45.98,4252.95,1.532,3.5,15.59,81.79
2021-03-17,2356.35,61984.22,15.87,93.49,45.77,4255.4,1.582,3.61,18.83,81.82
2021-03-18,2400.07,63344.28,16.0,93.64,45.87,4253.44,1.553,3.28,16.31,82.09
2021-03-19,3220.13,85057.67,16.74,93.59,45.92,4254.32,1.509,3.61,16.02,82.16
2021-03-22,2855.57,75471.03,15.1,93.46,46.25,4252.85,1.583,3.39,19.29,82.2
2021-03-23,2285.08,60538.65,14.25,93.44,46.44,4252.66,1.537,3.69,13.17,82.4
2021-03-24,2517.06,66757.04,15.67,93.38,46.33,4265.08,1.616,3.43,13.49,82.49
2021-03-25,2489.96,66227.95,15.5,93.31,46.45,4270.14,1.595,3.69,12.84,82.73
2021-03-26,2488.15,66320.72,15.52,93.32,46.3,4252.89,1.552,3.77,16.84,82.91
2021-03-29,2446.09,65329.95,15.0,93.36,45.98,4273.7,1.606,3.74,16.45,83.07
2021-03-30,2469.39,65953.83,16.27,93.37,45.94,4279.9,1.572,3.66,19.22,83.07
2021-03-31,2313.37,61662.96,14.73,93.37,45.82,4266.76,1.598,3.6,16.64,82.91
2021-04-01,2192.83,58461.98,14.58,93.26,45.69,4264.29,1.59,3.56,15.37,82.92
2021-04-02,2323.22,61953.26,15.5,93.21,45.88,4260.99,1.552,3.88,16.2,82.94
2021-04-05,1839.54,49118.84,16.18,93.24,45.87,4262.19,1.561,3.57,16.45,83.05
2021-04-06,2693.22,72109.62,13.87,93.15,45.68,4260.5,1.613,3.53,12.89,83.28
2021-04-07,2636.29,70641.16,14.93,93.16,45.57,4243.32,1.575,3.8,21.67,83.34
2021-04-08,3181.87,85338.72,14.73,93.09,45.62,4240.32,1.575,3.59,17.31,83.42
2021-04-09,1972.44,53076.03,17.17,93.12,45.19,4255.13,1.561,3.58,16.71,83.7
2021-04-12,2273.75,61213.59,15.66,93.05,45.28,4244.68,1.605,3.52,17.54,83.74
2021-04-13,2855.21,76793.57,14.57,93.07,45.32,4260.98,1.657,3.68,17.75,83.66
2021-04-14,2538.72,68399.52,15.37,93.1,45.41,4251.76,1.565,3.75,16.07,83.8
2021-04-15,2979.04,80177.31,16.12,93.08,45.67,4245.94,1.601,3.81,15.11,83.71
2021-04-16,2920.72,78670.47,17.62,93.05,45.92,4245.6,1.645,3.93,17.59,83.78
2021-04-19,1475.35,39702.92,14.42,92.96,45.82,4241.18,1.603,3.88,17.18,83.7
2021-04-20,2462.82,66445.05,14.6,92.86,46.04,4239.52,1.621,3.79,14.81,83.92
2021-04-21,2490.47,67326.27,15.5,92.97,46.08,4244.6,1.578,3.8,19.29,84.08
2021-04-22,2387.71,64530.0,15.45,92.9,45.83,4247.35,1.625,3.92,17.05,84.06
2021-04-23,2236.09,60370.82,15.57,92.76,45.82,4270.06,1.609,4.04,17.95,83.97
2021-04-26,2962.56,79828.39,15.72,92.76,45.79,4270.06,1.647,3.88,19.29,83.81
2021-04-27,2342.2,63015.53,17.51,92.71,45.88,4276.06,1.656,3.81,16.57,83.68
2021-04-28,1175.61,31641.88,14.52,92.7,45.72,4273.35,1.7,3.74,17.18,83.72
2021-04-29,2194.7,58953.75,15.71,92.68,45.55,4262.22,1.642,3.69,18.19,83.55
2021-04-30,3138.71,84212.0,16.16,92.58,45.61,4254.81,1.637,4.01,15.14,83.45
2021-05-03,1967.86,52696.35,14.43,92.44,45.47,4262.65,1.636,4.01,16.72,83.29
2021-05-04,2825.92,75799.34,17.05,92.42,45.37,4269.91,1.622,4.03,16.88,83.43
2021-05-05,2772.79,74196.79,15.4,92.47,45.24,4272.81,1.645,3.93,14.74,83.23
2021-05-06,2297.35,61775.41,15.04,92.42,45.31,4286.55,1.629,4.18,21.31,83.64
2021-05-07,2427.33,65268.74,16.72,92.42,45.35,4271.89,1.645,3.91,13.88,83.63
2021-05-10,2334.65,62581.17,16.07,92.44,45.26,4269.75,1.682,4.13,14.12,83.37
2021-05-11,2142.73,57451.54,15.19,92.39,44.68,4270.23,1.615,4.0,19.37,83.4
2021-05-12,2071.75,55506.72,16.21,92.32,44.82,4274.82,1.682,3.92,18.19,83.33
2021-05-13,2838.21,75824.31,15.77,92.27,44.63,4267.11,1.69,4.12,14.73,83.09
2021-05-14,2248.7,59934.76,14.16,92.3,44.65,4277.75,1.649,4.1,18.02,82.9
2021-05-17,2017.95,54001.98,14.41,92.31,44.55,4273.09,1.591,4.11,19.77,83.24
2021-05-18,2529.59,67599.13,15.77,92.3,44.18,4276.33,1.639,4.08,16.79,83.12
2021-05-19,2515.85,67175.87,14.16,92.21,44.28,4272.74,1.699,4.07,22.08,83.05
2021-05-20,1820.82,48677.45,16.44,92.3,44.17,4265.23,1.662,4.45,13.46,83.15
2021-05-21,2140.82,57099.34,14.45,92.28,44.15,4261.33,1.635,4.28,18.32,82.96
2021-05-24,1745.07,46563.16,16.53,92.25,44.17,4269.9,1.652,4.22,19.3,82.99
2021-05-25,3338.53,88948.52,16.95,92.27,44.63,4266.2,1.695,4.15,18.78,82.87
2021-05-26,2260.72,60191.66,16.09,92.29,44.52,4257.79,1.689,4.29,16.62,82.81
2021-05-27,2128.11,56520.04,12.31,92.26,44.46,4270.76,1.668,4.23,16.48,82.61
2021-05-28,2181.28,57982.32,16.68,92.28,44.32,4271.19,1.666,4.17,17.98,82.68
2021-05-31,2083.42,55427.58,15.2,92.38,44.26,4263.08,1.668,4.13,18.76,82.75
2021-06-01,2295.22,61127.36,15.65,92.4,44.31,4274.88,1.655,4.18,18.38,82.84
2021-06-02,2814.35,74882.21,14.78,92.36,44.25,4277.45,1.733,3.73,19.29,82.76
2021-06-03,2393.96,63709.25,17.14,92.28,44.28,4266.16,1.678,4.25,15.22,82.77
2021-06-04,1881.52,50128.22,15.81,92.2,44.27,4252.09,1.727,4.16,16.85,82.87
2021-06-07,1954.38,51997.52,15.52,92.13,44.25,4244.33,1.738,4.48,15.48,82.75
2021-06-08,2452.9,65211.92,16.99,92.07,44.21,4247.69,1.725,4.26,16.65,82.69
2021-06-09,2078.24,55231.04,16.65,91.98,44.7,4248.56,1.685,4.09,19.52,82.66
2021-06-10,2315.84,61849.27,14.91,91.94,44.54,4248.89,1.712,4.27,17.77,83.07
2021-06-11,3388.27,90588.39,16.44,91.91,44.55,4244.64,1.702,4.14,22.85,83.16
2021-06-14,2006.51,53434.06,16.28,91.83,44.36,4251.3,1.678,4.38,18.1,82.83
2021-06-15,1829.95,48634.59,14.77,91.71,44.5,4254.46,1.717,4.36,17.93,82.66
2021-06-16,2092.44,55523.09,16.98,91.74,44.63,4268.12,1.675,4.47,18.13,82.53
2021-06-17,1714.54,45557.41,15.93,91.77,44.61,4267.13,1.748,4.22,16.75,82.65
2021-06-18,2884.41,76801.45,18.09,91.73,44.42,4270.11,1.701,4.36,18.04,82.82
2021-06-21,2000.4,53200.5,17.48,91.71,44.57,4279.79,1.724,4.16,20.56,82.72
2021-06-22,2039.79,54263.17,16.6,91.7,44.82,4281.51,1.728,4.49,18.69,82.74
2021-06-23,1888.01,50231.65,16.22,91.72,44.5,4269.0,1.715,4.47,17.05,82.75
2021-06-24,1740.95,46454.94,14.4,91.74,44.35,4276.26,1.743,4.48,16.98,83.0
2021-06-25,2348.36,62828.47,16.98,91.71,44.33,4285.46,1.713,4.42,18.16,83.21
2021-06-28,2067.85,55297.96,16.36,91.67,44.33,4303.5,1.756,4.49,19.46,83.18
2021-06-29,1705.04,45643.33,16.35,91.6,44.34,4294.46,1.692,4.68,21.98,83.26
2021-06-30,2190.88,58665.11,16.34,91.61,44.49,4294.97,1.739,4.41,17.22,83.29
2021-07-01,2485.16,66712.93,17.91,91.7,44.43,4278.81,1.796,4.49,19.62,83.5
2021-07-02,2200.3,59046.5,17.7,91.69,44.43,4284.66,1.71,4.32,20.95,83.47
2021-07-05,2563.32,68719.45,17.53,91.72,44.58,4287.91,1.722,4.36,17.44,83.38
2021-07-06,2996.46,80236.99,15.63,91.77,44.53,4288.81,1.76,4.52,19.95,83.29
2021-07-07,2670.29,71332.01,18.17,91.75,44.84,4293.73,1.753,4.68,20.84,83.09
2021-07-08,2438.93,65179.77,16.27,91.62,44.89,4289.21,1.761,4.49,21.25,83.12
2021-07-09,2660.3,70963.97,17.53,91.56,45.12,4293.38,1.767,4.51,23.96,82.97
2021-07-12,3179.03,84763.35,17.43,91.6,45.22,4313.88,1.774,4.49,24.09,82.93
2021-07-13,1819.41,48604.86,16.75,91.57,45.41,4307.67,1.791,4.49,24.23,83.09
2021-07-14,2592.87,69216.23,17.4,91.62,45.47,4305.61,1.772,4.63,27.26,83.03
2021-07-15,1981.17,52862.35,15.77,91.55,45.54,4310.12,1.755,4.37,31.04,82.99
2021-07-16,2440.6,65128.49,17.74,91.57,45.69,4320.66,1.785,4.8,32.23,83.0
2021-07-19,1837.12,48963.25,16.95,91.51,45.65,4323.7,1.824,4.52,26.64,82.9
2021-07-20,2651.12,70835.69,19.68,91.45,46.02,4322.92,1.766,4.74,33.37,83.11
2021-07-21,2462.62,65658.84,17.55,91.47,45.94,4315.59,1.743,4.45,33.82,82.93
2021-07-22,2916.74,78069.33,17.3,91.49,46.24,4307.43,1.808,4.76,36.71,83.25
2021-07-23,2279.02,61040.94,17.84,91.39,46.24,4310.64,1.774,4.77,33.42,83.31
2021-07-26,2261.43,60566.62,16.99,91.42,46.48,4306.0,1.715,4.74,32.52,83.3
2021-07-27,2245.18,60358.44,16.04,91.41,46.64,4306.37,1.808,4.54,30.89,83.62
2021-07-28,3246.66,87263.73,17.72,91.43,46.96,4316.6,1.769,4.74,27.93,83.6
2021-07-29,2542.5,68248.45,17.19,91.46,47.61,4306.93,1.785,4.54,25.98,83.49
2021-07-30,2817.15,75728.0,18.22,91.46,48.18,4303.01,1.8,4.69,25.71,83.61
2021-08-02,2566.25,69196.93,18.77,91.5,48.17,4304.37,1.798,4.9,26.05,83.87
2021-08-03,2644.52,71383.16,19.16,91.46,48.26,4305.38,1.816,4.88,25.88,83.96
2021-08-04,1769.36,47868.18,17.61,91.5,48.19,4301.17,1.784,4.77,25.59,84.15
2021-08-05,2093.68,56742.29,17.85,91.35,48.3,4288.09,1.815,4.64,22.2,84.3
2021-08-06,2075.05,56155.27,17.8,91.33,48.13,4286.03,1.795,4.89,23.14,84.17
2021-08-09,2334.81,63277.51,15.47,91.27,48.28,4276.12,1.827,4.81,23.96,84.3
2021-08-10,2261.54,61208.82,18.41,91.26,48.06,4282.82,1.826,4.47,23.89,84.18
2021-08-11,1705.93,46091.46,17.98,91.33,48.43,4296.45,1.782,4.95,21.02,84.04
2021-08-12,2328.34,62993.39,17.89,91.4,48.42,4281.39,1.845,4.84,20.33,84.15
2021-08-13,1578.55,42802.13,17.15,91.44,48.23,4276.96,1.799,5.04,20.84,84.34
2021-08-16,2579.74,69932.22,16.46,91.43,48.19,4282.8,1.842,4.7,17.88,84.32
2021-08-17,2320.39,63075.87,16.87,91.31,48.27,4276.07,1.831,4.4,19.54,84.55
2021-08-18,2729.98,74310.19,18.02,91.31,48.1,4275.34,1.878,4.94,21.2,84.66
2021-08-19,2358.34,64310.45,15.74,91.31,48.48,4274.66,1.818,4.95,20.81,84.82
2021-08-20,2110.53,57481.17,17.24,91.26,48.61,4285.09,1.817,4.67,18.82,84.71
2021-08-23,1689.45,46047.68,18.73,91.22,48.55,4286.26,1.829,4.78,19.66,84.78
2021-08-24,2166.64,59094.23,17.46,91.31,48.35,4296.3,1.823,5.36,17.45,84.83
2021-08-25,2054.54,55993.5,15.61,91.36,48.44,4308.94,1.859,4.91,20.4,84.77
2021-08-26,2485.18,67624.38,17.28,91.32,48.56,4313.07,1.789,5.08,18.75,84.64
2021-08-27,2175.63,59063.89,17.49,91.35,48.76,4310.93,1.808,4.88,18.27,84.44
2021-08-30,2555.39,69362.08,17.32,91.37,48.78,4322.56,1.81,4.68,18.04,84.43
2021-08-31,2827.18,76838.11,17.41,91.35,48.65,4331.17,1.874,4.98,18.58,84.53
2021-09-01,1816.68,49528.93,18.98,91.29,48.85,4319.68,1.899,4.98,17.76,84.8
2021-09-02,2347.13,64060.35,17.53,91.28,48.87,4321.89,1.847,4.97,19.94,84.89
2021-09-03,2331.35,63756.9,17.52,91.25,48.71,4327.81,1.847,5.03,17.8,85.06
2021-09-06,2502.51,68635.66,17.1,91.12,48.75,4323.92,1.857,5.1,21.76,85.31
2021-09-07,2630.26,72289.58,18.43,91.1,48.75,4323.94,1.892,5.05,21.48,85.48
2021-09-08,2943.02,80866.35,18.69,91.19,48.69,4320.33,1.832,4.89,16.76,85.46
2021-09-09,1967.99,54125.17,16.88,91.1,48.87,4318.26,1.87,5.17,18.68,85.54
2021-09-10,1780.62,48927.1,16.93,91.12,48.38,4311.92,1.894,4.81,17.24,85.47
2021-09-13,2457.52,67444.64,14.97,91.15,48.56,4314.5,1.883,4.81,17.89,85.36
2021-09-14,2587.28,70727.12,16.93,91.1,48.51,4306.92,1.876,5.24,22.56,85.03
2021-09-15,2672.14,73071.24,19.18,91.13,48.43,4302.91,1.903,5.22,17.95,85.05
2021-09-16,2099.89,57473.27,17.14,91.24,48.38,4302.57,1.794,5.15,19.3,85.13
2021-09-17,1773.16,48594.43,17.5,91.25,48.47,4306.5,1.898,4.96,19.69,85.24
2021-09-20,2797.65,76760.56,16.56,91.24,48.26,4309.05,1.86,5.08,16.63,85.34
2021-09-21,2545.19,69696.55,17.7,91.23,48.26,4319.4,1.828,5.15,16.96,85.17
2021-09-22,2226.44,60934.22,16.96,91.28,48.49,4316.18,1.9,4.97,16.29,85.13
2021-09-23,1573.71,43075.79,17.63,91.29,48.67,4327.38,1.929,5.11,16.98,85.14
2021-09-24,2104.19,57640.13,17.28,91.31,48.49,4309.11,1.886,5.33,13.1,85.2
2021-09-27,2624.01,71871.88,18.99,91.26,48.35,4321.16,1.921,5.46,19.94,85.19
2021-09-28,2529.62,69233.59,17.7,91.22,48.09,4323.6,1.943,5.19,23.03,85.13
2021-09-29,1873.97,51309.76,16.7,91.26,47.83,4317.73,1.937,5.38,19.29,85.16
2021-09-30,2617.6,71686.98,16.34,91.38,48.03,4317.36,1.949,4.99,16.24,85.18
2021-10-01,2352.67,64377.26,15.61,91.44,48.24,4315.85,1.925,5.39,17.87,85.11
2021-10-04,2858.42,78365.47,17.23,91.47,48.02,4314.75,1.907,5.19,18.34,85.27
2021-10-05,2121.95,58141.96,17.11,91.41,48.43,4330.16,1.859,5.37,17.34,85.22
2021-10-06,2146.66,58746.96,18.69,91.43,48.73,4333.39,1.903,5.29,21.22,85.12
2021-10-07,2439.13,66889.7,16.5,91.38,48.87,4327.91,1.887,5.54,21.27,85.3
2021-10-08,2224.07,60849.68,16.49,91.44,48.82,4331.79,1.98,5.23,17.5,85.1
2021-10-11,2079.23,56981.59,17.04,91.4,48.75,4341.83,1.912,5.46,21.44,85.24
2021-10-12,3094.85,84865.87,17.38,91.26,48.94,4339.84,1.924,5.34,23.25,85.29
2021-10-13,2940.07,80468.41,16.48,91.4,49.08,4344.22,1.939,5.37,24.23,85.13
2021-10-14,2069.15,56628.46,17.47,91.41,48.82,4346.1,1.926,5.38,26.41,85.12
2021-10-15,2492.53,68322.6,17.27,91.38,48.9,4354.68,1.978,5.29,19.17,85.26
2021-10-18,1847.14,50529.57,17.87,91.4,48.97,4358.88,1.911,5.43,26.95,85.09
2021-10-19,3039.56,83007.02,18.64,91.28,49.28,4353.25,1.938,5.43,20.97,84.94
2021-10-20,2682.8,73216.74,17.38,91.25,49.14,4367.27,1.913,5.49,20.91,84.89
2021-10-21,2762.92,75345.13,17.55,91.18,49.11,4373.53,1.898,5.48,23.22,84.82
2021-10-22,2311.5,63045.57,18.69,91.11,49.1,4378.7,1.922,5.6,21.94,84.83
2021-10-25,2837.39,77504.08,17.88,91.04,49.1,4383.22,1.941,5.63,24.51,84.96
2021-10-26,2844.11,77747.42,16.38,91.08,49.01,4387.64,1.932,5.35,21.75,85.03
2021-10-27,2376.44,64940.08,16.95,91.07,49.32,4394.13,1.927,5.65,24.69,85.0
2021-10-28,2008.65,54902.11,16.84,91.05,49.18,4392.53,1.908,5.35,28.61,85.01
2021-10-29,2612.59,71282.09,16.79,91.0,49.1,4382.44,1.95,5.63,26.91,84.86
2021-11-01,2403.56,65499.49,19.84,90.96,48.94,4385.11,1.91,5.65,28.43,84.76
2021-11-02,3132.29,85512.42,16.9,90.92,48.92,4377.27,1.98,5.28,30.36,84.91
2021-11-03,2485.48,67797.18,18.35,90.92,49.16,4390.76,1.962,5.59,33.18,84.84
2021-11-04,2527.39,68887.13,18.1,90.94,49.23,4382.91,1.919,5.52,29.15,84.78
2021-11-05,2813.53,76784.71,18.37,90.94,49.41,4392.6,1.956,5.49,35.46,84.89
2021-11-08,2523.56,69059.7,18.26,90.92,49.57,4397.02,1.945,5.82,35.83,85.12
2021-11-09,2781.94,76076.06,19.28,90.95,49.56,4401.68,1.98,5.53,39.05,85.06
2021-11-10,2310.86,63118.71,17.7,90.99,49.24,4397.6,2.013,5.52,43.5,84.96
2021-11-11,2113.03,57819.02,18.22,90.96,49.31,4398.39,1.919,5.67,42.01,85.11
2021-11-12,2212.59,60590.25,20.47,90.93,49.34,4387.52,1.981,5.77,45.79,85.17
2021-11-15,2432.06,66475.33,18.48,90.96,49.32,4385.12,1.975,5.66,47.81,85.01
2021-11-16,2629.91,71952.6,21.17,91.03,49.26,4386.36,2.003,5.87,54.97,85.1
2021-11-17,2758.09,75620.65,21.64,91.07,49.25,4386.55,1.991,5.79,63.69,85.28
2021-11-18,2703.68,73969.57,20.9,91.1,49.14,4378.87,1.965,5.39,56.25,85.1
2021-11-19,2556.99,69881.9,20.22,91.1,49.02,4391.29,1.98,5.65,49.87,85.01
2021-11-22,2151.21,58681.84,18.03,91.03,48.93,4382.03,1.969,5.66,48.16,84.85
2021-11-23,2810.52,76874.53,17.83,90.96,49.0,4384.13,2.027,5.83,43.21,85.08
2021-11-24,1974.81,54175.53,17.83,90.96,49.38,4389.91,1.998,5.37,41.41,85.33
2021-11-25,2108.67,57742.72,18.71,90.93,49.54,4391.34,2.057,6.16,42.31,85.17
2021-11-26,2569.65,70202.02,17.87,90.94,49.19,4378.45,2.001,5.87,37.4,84.97
2021-11-29,2851.76,77826.05,18.52,90.95,49.26,4360.53,1.984,5.83,40.52,84.88
2021-11-30,2793.51,76257.35,19.74,90.99,49.4,4352.5,1.962,6.0,37.0,84.91
2021-12-01,2529.98,69096.23,19.83,90.92,49.6,4357.18,1.956,6.18,36.44,84.95
2021-12-02,2729.1,74532.8,19.29,90.92,49.53,4347.8,1.965,5.97,35.11,84.94
2021-12-03,2178.2,59608.09,18.98,90.81,49.25,4358.72,2.023,6.0,36.87,85.12
2021-12-06,2334.3,63818.6,19.06,90.77,49.46,4331.79,2.033,5.89,36.81,85.04
2021-12-07,2346.03,64280.5,19.37,90.82,49.41,4328.09,1.973,5.86,36.08,85.22
2021-12-08,2181.29,59707.08,18.77,90.75,49.82,4343.46,2.049,5.82,36.96,85.14
2021-12-09,2433.85,66672.61,20.02,90.73,49.63,4335.59,2.011,5.78,36.09,85.2
2021-12-10,2485.51,68202.69,18.15,90.64,50.06,4337.58,2.032,5.81,38.56,85.35
2021-12-13,2381.94,65351.33,18.61,90.64,49.87,4338.76,2.078,5.73,38.04,85.34
2021-12-14,2503.38,68955.72,18.74,90.75,50.29,4337.32,2.059,5.93,40.27,85.67
2021-12-15,1550.55,42703.7,19.86,90.66,50.38,4323.04,2.027,5.7,41.6,85.66
2021-12-16,2748.32,75746.73,18.7,90.63,50.62,4328.94,2.011,6.0,43.48,85.72
2021-12-17,2463.36,67940.07,19.01,90.65,50.79,4326.16,1.975,5.97,45.65,85.78
2021-12-20,2456.99,67729.19,20.59,90.7,51.06,4325.07,2.021,6.01,51.04,85.74
2021-12-21,2107.17,58055.5,19.66,90.71,51.18,4331.21,2.039,5.93,56.29,85.69
2021-12-22,3201.88,88107.96,21.93,90.75,51.4,4334.45,2.018,6.48,60.1,85.59
2021-12-23,3242.8,89528.85,21.58,90.69,51.23,4339.89,2.046,6.23,59.95,85.87
2021-12-24,2033.71,56121.2,20.07,90.68,51.27,4338.43,2.055,5.86,59.97,85.83
2021-12-27,2560.76,70601.73,20.4,90.65,51.08,4330.2,2.048,6.09,52.28,85.75
2021-12-28,2999.96,82771.69,21.92,90.58,51.12,4335.66,2.038,5.98,50.17,85.82
2021-12-29,2525.9,69738.46,20.39,90.56,51.23,4328.28,2.065,5.93,43.67,85.87
2021-12-30,2422.57,66964.63,19.98,90.5,51.27,4322.36,2.076,5.89,42.69,85.98
2021-12-31,2402.49,66608.79,21.01,90.43,51.54,4325.66,2.032,6.17,40.33,86.23
2022-01-03,2744.57,76140.26,18.36,90.42,51.77,4334.44,2.11,6.01,34.34,86.29
2022-01-04,3636.91,100754.4,20.71,90.52,51.95,4351.82,2.067,6.27,36.42,86.17
2022-01-05,2943.06,81593.69,19.97,90.43,52.21,4338.05,2.073,6.29,36.03,86.23
2022-01-06,2210.89,61269.26,20.7,90.35,52.57,4349.46,2.096,6.36,31.35,86.2
2022-01-07,2385.03,66009.82,18.79,90.35,52.47,4349.85,2.084,6.04,32.97,86.08
2022-01-10,2516.44,69500.57,20.49,90.24,52.46,4349.1,2.109,6.25,28.6,85.9
2022-01-11,2303.46,63690.08,17.75,90.18,52.53,4347.6,2.091,6.29,29.55,86.0
2022-01-12,2216.88,61425.47,18.42,90.2,52.39,4348.44,2.067,6.13,22.43,86.18
2022-01-13,2896.51,80409.37,19.42,90.14,52.35,4353.69,2.098,6.1,30.83,86.35
2022-01-14,2439.05,67800.98,19.89,90.13,52.1,4361.37,2.056,6.47,28.21,86.46
2022-01-17,2756.33,76619.26,17.02,90.21,51.92,4367.16,2.096,6.28,23.97,86.46
2022-01-18,3298.41,91562.25,17.59,90.23,52.24,4367.89,2.094,6.35,20.0,86.34
2022-01-19,2476.8,68696.67,17.82,90.14,52.24,4374.88,2.091,6.14,23.99,86.27
2022-01-20,2768.6,76965.47,17.81,90.09,51.91,4374.46,2.096,6.1,20.07,86.47
2022-01-21,2290.58,63742.4,18.2,90.18,52.01,4403.04,2.046,6.21,23.44,86.56
2022-01-24,2817.46,78307.34,19.08,90.16,51.99,4413.35,2.089,6.29,23.01,86.45
2022-01-25,3117.69,86959.4,19.93,90.06,51.65,4421.29,2.11,6.16,19.99,86.75
2022-01-26,3124.18,87183.46,18.55,90.08,51.54,4431.33,2.115,6.33,23.84,86.8
2022-01-27,2671.97,74694.6,20.07,90.1,51.52,4427.97,2.082,6.09,22.96,86.95
2022-01-28,2471.79,68947.47,18.8,90.19,51.61,4433.41,2.153,6.19,23.09,86.76
2022-01-31,2758.14,76812.99,18.71,90.21,51.54,4438.68,2.092,6.47,20.97,86.62
2022-02-01,2673.02,74550.81,19.71,90.24,51.81,4447.36,2.149,6.47,17.95,86.75
2022-02-02,2819.91,78552.52,18.73,90.31,51.8,4446.96,2.135,6.33,22.59,86.64
2022-02-03,2403.02,66834.41,17.95,90.2,52.32,4441.59,2.106,6.25,19.97,86.51
2022-02-04,2492.12,69163.23,19.77,90.18,52.56,4445.08,2.181,6.26,17.62,86.32
2022-02-07,2573.54,71336.56,18.92,90.15,52.9,4445.07,2.094,6.37,23.01,86.22
2022-02-08,2881.45,79958.02,20.74,90.13,53.21,4441.56,2.16,6.54,24.42,86.31
2022-02-09,2908.0,80768.15,18.51,90.11,53.02,4452.74,2.165,6.59,20.06,86.39
2022-02-10,2455.65,68235.9,17.77,90.07,53.32,4465.65,2.117,6.39,24.4,86.43
2022-02-11,2178.78,60497.81,17.94,90.11,53.9,4468.93,2.182,6.3,20.21,86.36
2022-02-14,2750.25,76211.59,18.2,90.07,54.3,4469.57,2.135,6.53,19.22,86.19
2022-02-15,2883.71,80053.77,18.49,90.13,54.43,4471.7,2.154,6.38,18.67,86.35
2022-02-16,2569.24,71280.65,18.1,90.06,54.27,4479.23,2.155,6.44,23.17,86.29
2022-02-17,2345.74,65104.27,17.7,90.01,54.55,4477.02,2.146,6.73,18.31,86.33
2022-02-18,2442.35,67846.31,18.68,89.86,54.51,4479.58,2.177,6.66,21.31,86.4
2022-02-21,3226.13,89414.72,18.82,89.76,54.61,4466.83,2.179,6.58,18.7,86.21
2022-02-22,2694.17,74567.1,18.92,89.86,54.85,4463.53,2.105,6.37,18.88,86.09
2022-02-23,2982.43,82600.6,18.9,89.77,55.13,4456.84,2.199,6.61,21.85,86.14
2022-02-24,2307.01,63813.49,20.19,89.77,55.02,4457.17,2.113,6.75,19.01,86.03
2022-02-25,3038.08,83967.22,18.87,89.79,55.27,4458.15,2.196,6.55,18.95,85.96
2022-02-28,2937.77,81195.08,17.26,89.81,55.43,4446.97,2.201,6.82,22.02,85.96
2022-03-01,2593.38,71590.75,19.46,89.88,55.42,4439.41,2.137,6.82,22.94,85.86
2022-03-02,2833.39,78240.47,19.2,90.01,55.41,4446.7,2.16,6.89,21.03,85.89
2022-03-03,3095.97,85596.1,19.5,89.98,55.54,4455.59,2.142,6.7,18.43,85.99
2022-03-04,2216.83,61341.93,17.94,89.95,55.94,4452.0,2.171,6.75,18.71,86.07
2022-03-07,2453.64,67835.51,20.1,90.0,55.92,4458.91,2.171,6.89,19.89,85.99
2022-03-08,2834.95,78341.95,19.38,89.94,56.15,4459.12,2.206,6.76,20.38,85.95
2022-03-09,2620.35,72319.43,18.92,89.83,56.04,4460.96,2.224,6.63,17.76,85.84
2022-03-10,2775.66,76619.26,19.91,89.84,55.99,4463.05,2.229,6.65,21.18,85.86
2022-03-11,2899.76,79991.56,20.16,89.78,56.03,4475.81,2.173,6.76,19.91,85.8
2022-03-14,2803.22,77327.29,19.66,89.74,56.06,4478.43,2.186,6.55,16.31,85.8
2022-03-15,2520.3,69715.95,16.73,89.69,56.08,4481.3,2.144,6.73,17.88,86.04
2022-03-16,2560.24,70764.94,17.76,89.66,55.98,4483.85,2.173,6.93,18.74,85.97
2022-03-17,3188.7,87984.02,18.3,89.66,55.91,4485.0,2.229,6.45,19.6,85.82
2022-03-18,2689.41,74234.17,18.26,89.59,55.87,4493.41,2.251,7.02,23.53,85.85
2022-03-21,3161.38,87286.55,18.41,89.76,56.05,4485.79,2.168,6.97,20.23,85.88
2022-03-22,3169.41,87631.44,18.65,89.61,56.17,4504.94,2.19,6.74,18.08,86.0
2022-03-23,2352.62,65052.9,18.5,89.67,56.37,4501.51,2.209,6.91,20.21,86.01
2022-03-24,2903.24,80255.48,18.75,89.64,56.65,4508.37,2.221,6.84,19.06,85.98
2022-03-25,2238.65,61881.17,20.35,89.59,56.69,4519.36,2.191,7.04,20.42,85.98
2022-03-28,3242.27,89841.94,20.79,89.56,56.6,4524.87,2.23,7.01,20.94,86.19
2022-03-29,2713.82,75209.93,19.24,89.6,56.5,4506.67,2.206,6.67,22.2,86.2
2022-03-30,2681.28,74418.51,20.19,89.57,56.88,4505.91,2.222,6.98,19.74,86.33
2022-03-31,2328.26,64552.92,18.68,89.55,57.1,4506.47,2.241,6.87,23.07,86.24
2022-04-01,2419.09,67203.7,18.45,89.52,57.45,4513.21,2.228,6.93,21.61,86.41
2022-04-04,2706.32,75168.33,18.78,89.45,57.73,4519.41,2.217,6.82,18.39,86.39
2022-04-05,2668.98,74169.27,19.27,89.51,57.75,4527.83,2.229,7.2,24.23,86.43
2022-04-06,2498.73,69468.57,19.88,89.53,57.91,4530.81,2.232,7.11,20.47,86.47
2022-04-07,2959.97,82195.84,18.93,89.53,57.98,4541.47,2.226,6.85,18.15,86.37
2022-04-08,2647.77,73515.49,20.54,89.58,58.47,4543.99,2.232,6.78,23.13,86.36
2022-04-11,2262.06,62855.11,19.48,89.62,58.64,4552.96,2.29,6.93,23.98,86.43
2022-04-12,2899.57,80632.98,18.64,89.63,59.01,4561.59,2.262,7.07,19.77,86.49
2022-04-13,2217.57,61614.41,18.8,89.6,59.09,4564.37,2.239,7.05,18.83,86.42
2022-04-14,1882.72,52335.82,18.91,89.59,59.4,4575.71,5.021,7.21,19.5,86.46
2022-04-15,2627.99,73216.65,20.08,89.61,59.51,4583.43,4.99,7.16,21.28,86.66
2022-04-18,2222.67,61777.87,19.41,89.67,59.44,4586.01,5.035,7.2,22.41,86.45
2022-04-19,2669.0,74132.08,19.49,89.66,59.76,4583.11,5.011,7.11,21.0,86.39
2022-04-20,2884.02,80083.75,19.47,89.69,59.67,4586.41,4.997,6.87,20.06,86.37
2022-04-21,2961.52,82066.48,19.83,89.71,59.68,4592.86,5.013,7.06,22.86,86.19
2022-04-22,2762.66,76476.44,20.28,89.61,59.89,4584.67,4.953,7.26,19.24,86.1
2022-04-25,2079.07,57517.87,19.9,89.52,60.02,4579.2,4.966,7.1,21.94,86.05
2022-04-26,2288.51,63362.57,18.6,89.59,60.0,4582.33,4.964,7.2,19.3,86.12
2022-04-27,2581.0,71372.82,19.02,89.55,60.07,4578.46,5.004,7.09,20.74,86.01
2022-04-28,2556.78,70688.91,18.97,89.49,60.39,4588.65,5.052,7.0,19.66,85.99
2022-04-29,2181.67,60139.36,18.95,89.56,60.3,4600.78,5.067,7.14,19.78,85.74
2022-05-02,2364.5,65037.73,20.54,89.47,59.85,4602.37,5.019,7.22,19.14,85.55
2022-05-03,2842.01,78054.26,19.61,89.53,60.12,4601.63,5.015,7.09,22.59,85.42
2022-05-04,2715.51,74491.06,19.76,89.56,60.07,4590.99,4.946,7.16,18.44,85.32
2022-05-05,2413.49,66104.78,19.79,89.56,60.07,4582.52,4.984,7.07,18.43,85.19
2022-05-06,2912.32,79823.31,20.33,89.5,60.27,4590.96,4.976,7.39,24.15,85.25
2022-05-09,2033.38,55592.78,20.11,89.53,60.24,4596.13,4.981,7.19,21.87,85.04
2022-05-10,2823.63,77334.53,21.81,89.47,60.25,4611.94,4.995,7.47,15.15,85.19
2022-05-11,2799.5,76692.05,20.58,89.49,60.53,4615.1,4.986,7.49,18.79,85.21
2022-05-12,2842.04,77658.76,18.85,89.49,60.71,4624.96,4.941,7.26,16.3,84.99
2022-05-13,2672.69,73239.01,19.88,89.49,60.75,4635.58,5.022,7.14,18.03,85.23
2022-05-16,2292.16,62761.36,19.32,89.42,60.64,4637.67,4.968,6.99,13.65,85.16
2022-05-17,2773.63,75930.04,18.39,89.33,60.5,4649.85,5.007,7.09,19.66,85.15
2022-05-18,2395.67,65536.88,17.4,89.3,60.74,4633.17,5.062,7.12,17.65,85.09
2022-05-19,2637.76,72312.38,20.19,89.33,60.91,4615.55,4.972,7.54,20.06,85.27
2022-05-20,2259.79,62057.31,19.49,89.29,60.77,4629.0,4.924,7.37,16.69,85.42
2022-05-23,2411.79,66204.51,19.04,89.19,60.87,4622.14,4.991,7.42,20.11,85.38
2022-05-24,2483.07,68207.73,19.27,89.2,60.5,4636.71,5.033,7.04,19.12,85.44
2022-05-25,2710.27,74527.27,19.83,89.2,60.68,4651.14,5.059,7.21,22.96,85.53
2022-05-26,2772.43,76247.61,19.79,89.19,60.79,4649.41,4.963,7.53,22.78,85.54
2022-05-27,3173.9,87281.94,20.33,89.17,60.69,4639.1,5.015,7.45,21.53,85.53
2022-05-30,2589.99,71233.57,20.05,89.08,60.97,4642.71,4.986,7.4,19.31,85.55
2022-05-31,2211.09,60817.53,20.89,89.03,61.09,4655.85,4.997,7.52,23.93,85.55
2022-06-01,2866.3,78686.14,20.86,89.01,61.07,4655.88,5.079,7.69,16.86,85.39
2022-06-02,2708.96,74356.09,20.27,89.04,61.05,4672.87,4.955,7.43,17.16,85.37
2022-06-03,2529.37,69221.41,19.31,89.04,61.04,4674.73,5.008,7.48,19.8,85.12
2022-06-06,2462.35,67460.39,20.41,89.04,61.25,4677.66,5.014,7.51,24.48,85.21
2022-06-07,2379.58,65170.94,18.85,89.16,61.42,4672.56,5.033,7.86,19.57,85.18
2022-06-08,2359.87,64670.38,19.36,89.16,61.37,4665.39,5.003,7.2,19.61,85.24
2022-06-09,2149.15,58831.79,17.71,89.1,61.17,4663.18,5.009,7.63,17.09,85.14
2022-06-10,2979.55,81350.4,19.83,89.1,61.17,4664.6,4.988,7.52,21.87,84.92
2022-06-13,2762.97,75588.54,19.89,88.93,61.29,4671.02,5.008,7.63,21.89,85.09
2022-06-14,2611.77,71350.13,20.89,88.92,61.17,4658.93,4.99,7.46,21.56,84.97
2022-06-15,2319.95,63598.73,19.31,88.89,61.06,4675.15,5.019,7.57,18.73,85.27
2022-06-16,2945.0,80978.52,20.49,88.79,61.07,4673.4,4.989,7.69,18.57,85.53
2022-06-17,2042.33,56379.75,20.12,88.68,61.17,4673.03,5.011,8.07,17.4,85.86
2022-06-20,2501.96,68960.58,20.0,88.71,61.34,4679.97,4.999,7.73,20.16,85.73
2022-06-21,2888.43,79669.1,19.36,88.69,61.6,4669.39,5.034,7.5,17.83,85.79
2022-06-22,1777.68,49048.05,20.5,88.64,61.28,4668.88,4.998,7.57,17.64,85.82
2022-06-23,2601.06,71832.51,20.25,88.66,61.52,4671.56,4.947,7.58,19.15,85.9
2022-06-24,2308.88,63875.43,19.27,88.67,61.64,4664.34,5.038,7.39,19.02,86.05
2022-06-27,2618.3,72650.9,20.39,88.7,61.57,4682.5,4.973,7.62,18.92,86.3
2022-06-28,2459.27,68212.19,20.83,88.65,61.78,4679.17,4.98,7.8,20.93,86.27
2022-06-29,2834.75,78417.75,21.63,88.65,61.41,4675.84,4.982,7.51,20.15,86.04
2022-06-30,3048.49,84143.99,19.94,88.76,61.08,4678.86,5.041,7.87,19.42,85.85
2022-07-01,3506.91,96624.26,20.18,88.78,61.51,4682.96,4.936,7.8,20.36,85.7
2022-07-04,2515.56,69376.29,19.06,88.75,61.29,4680.34,5.094,7.63,18.02,85.78
2022-07-05,2839.75,78383.05,20.02,88.78,61.37,4686.91,5.032,7.73,20.21,85.85
2022-07-06,2700.88,74748.13,19.76,88.81,61.19,4689.0,5.007,8.0,20.3,86.08
2022-07-07,2720.64,75220.37,21.48,88.91,61.13,4690.42,4.998,7.88,16.99,86.0
2022-07-08,3134.02,86624.23,21.2,88.89,60.96,4696.63,5.009,7.79,21.99,85.97
2022-07-11,2299.22,63676.27,19.53,88.9,61.2,4705.45,5.016,7.76,18.24,86.14
2022-07-12,2422.88,67130.16,19.72,88.94,60.84,4698.36,5.019,7.82,20.18,86.18
2022-07-13,2498.17,69333.93,20.16,88.95,60.87,4706.63,5.017,7.75,22.33,86.32
2022-07-14,2189.62,60917.13,21.61,88.92,60.7,4720.72,5.003,7.52,21.85,86.53
2022-07-15,2564.17,71171.15,20.29,88.99,60.52,4738.63,4.994,8.15,20.07,86.33
2022-07-18,2818.38,78362.41,20.47,88.86,60.72,4746.09,4.995,7.88,19.28,86.48
2022-07-19,2889.35,80358.41,22.21,88.85,60.57,4733.77,4.994,7.93,21.9,86.5
2022-07-20,2544.14,70650.97,21.15,88.86,60.58,4726.77,5.034,7.88,21.35,86.37
2022-07-21,3042.92,84303.97,19.24,88.77,60.7,4731.69,5.018,7.79,18.76,86.17
2022-07-22,1859.71,51469.81,18.9,88.79,60.76,4728.1,4.912,7.88,18.41,86.08
2022-07-25,3485.49,96418.67,20.37,88.76,60.92,4729.25,5.02,7.68,15.86,86.04
2022-07-26,2867.81,79313.34,23.12,88.7,61.17,4726.15,5.006,8.28,20.31,86.02
2022-07-27,2513.94,69618.64,21.85,88.67,61.25,4731.88,4.999,7.76,19.83,86.14
2022-07-28,2867.37,79454.3,21.15,88.76,61.23,4741.19,4.988,7.8,22.27,86.19
2022-07-29,2646.16,73396.46,21.41,88.78,61.25,4745.18,5.034,7.91,20.72,86.27
2022-08-01,1929.76,53553.31,21.92,88.64,61.2,4752.93,5.028,8.18,22.67,86.32
2022-08-02,2715.7,75331.79,19.27,88.66,61.43,4752.79,4.977,8.0,18.6,86.28
2022-08-03,3048.51,84518.99,21.07,88.65,61.33,4760.75,5.012,7.82,22.27,86.23
2022-08-04,3081.04,85294.86,22.22,88.61,61.44,4752.83,4.971,8.21,18.94,86.11
2022-08-05,2812.21,77949.94,22.97,88.59,61.61,4746.54,4.959,8.14,21.55,86.21
2022-08-08,3075.63,85418.08,21.25,88.52,61.5,4749.85,4.981,8.13,17.08,86.38
2022-08-09,2901.52,80512.9,19.75,88.53,61.23,4760.46,5.026,8.17,20.47,86.31
2022-08-10,2801.84,77763.22,21.43,88.49,61.44,4759.96,5.029,8.43,16.03,86.33
2022-08-11,2454.74,68170.16,21.52,88.46,61.49,4763.17,5.015,8.41,19.46,86.38
2022-08-12,2593.49,71795.36,21.51,88.39,61.51,4763.75,5.022,7.99,20.88,86.1
2022-08-15,2617.32,72388.43,21.32,88.47,61.55,4766.58,5.015,8.35,18.96,86.02
2022-08-16,2836.62,78028.22,22.51,88.31,61.62,4767.65,4.981,8.18,17.9,85.56
2022-08-17,3033.14,83479.77,21.23,88.28,61.74,4771.37,5.013,8.21,21.69,85.6
2022-08-18,2506.53,69085.79,20.68,88.08,61.75,4764.01,5.024,7.89,19.79,85.73
2022-08-19,2227.31,61441.88,20.57,88.09,61.67,4777.3,5.023,8.13,19.02,85.8
2022-08-22,3266.28,90068.58,20.86,88.01,61.81,4770.39,5.036,8.05,20.09,85.77
2022-08-23,2412.2,66522.17,21.49,88.02,61.98,4772.96,5.021,8.31,25.28,85.78
2022-08-24,2943.7,81214.88,21.21,87.97,61.89,4768.51,5.011,8.36,22.32,85.81
2022-08-25,2847.53,78593.4,21.37,88.07,61.55,4782.18,5.032,7.9,22.34,85.85
2022-08-26,2601.02,71828.51,18.94,88.15,61.79,4775.57,4.999,8.22,20.89,85.89
2022-08-29,2937.33,81031.63,20.79,88.1,62.01,4772.15,4.974,8.4,20.36,85.8
2022-08-30,2268.48,62612.35,20.9,88.16,62.2,4759.56,4.995,8.22,15.24,85.85
2022-08-31,3329.15,91865.15,20.97,88.19,62.15,4756.79,4.978,8.37,18.68,85.83
2022-09-01,3570.63,98657.31,14.23,88.19,62.43,4763.97,4.98,1.82,19.08,85.94
2022-09-02,3038.0,83983.58,15.69,88.13,62.56,4770.0,4.996,1.82,16.31,85.98
2022-09-05,2292.9,63227.85,15.29,88.1,62.54,4769.56,4.976,1.73,17.75,85.77
2022-09-06,1745.04,48233.67,15.73,88.11,62.43,4776.63,4.991,1.58,16.12,85.97
2022-09-07,2783.42,77022.82,15.77,88.17,62.81,4783.46,4.943,1.6,20.02,86.07
2022-09-08,2153.36,59480.98,15.87,88.11,62.89,4788.57,5.006,1.87,21.75,85.92
2022-09-09,2476.78,68605.21,15.6,88.11,62.93,4811.14,5.0,1.76,22.35,86.15
2022-09-12,3198.48,88513.12,15.81,88.02,62.78,4812.05,4.975,1.74,20.99,86.07
2022-09-13,3203.05,88516.43,15.65,88.05,62.97,4812.13,5.02,1.69,18.26,85.95
2022-09-14,3216.1,88836.79,16.39,88.07,62.98,4808.62,5.028,1.71,16.36,85.92
2022-09-15,2630.38,72800.95,18.1,88.08,63.37,4820.54,4.952,1.91,16.75,86.09
2022-09-16,2928.42,81089.43,14.3,88.09,63.45,4808.38,4.977,1.7,17.76,86.13
2022-09-19,1865.5,51569.94,12.77,88.05,63.59,4809.41,4.977,1.55,18.57,85.98
2022-09-20,2041.22,56472.14,14.99,88.07,63.47,4811.81,4.972,1.86,20.09,86.05
2022-09-21,2476.88,68618.76,14.45,88.08,63.28,4801.33,5.025,1.71,18.44,86.17
2022-09-22,2877.52,79601.68,16.28,88.04,63.13,4803.09,4.994,1.75,21.22,86.04
2022-09-23,2399.3,66397.16,16.98,88.0,63.08,4782.3,4.992,1.98,20.16,86.07
2022-09-26,2850.77,78810.68,16.18,88.05,62.86,4781.79,4.94,1.73,20.74,85.99
2022-09-27,2137.57,59161.51,15.32,88.01,62.68,4776.62,5.019,1.78,23.1,86.09
2022-09-28,2578.72,71295.04,15.79,88.04,62.46,4783.51,4.963,1.56,18.58,85.99
2022-09-29,2762.4,76043.0,16.6,87.99,62.58,4782.95,5.002,1.7,21.92,85.62
2022-09-30,2840.54,78209.17,16.18,87.94,62.78,4787.03,5.008,1.82,21.21,85.64
2022-10-03,2382.57,65529.72,15.68,87.97,62.67,4790.84,5.041,1.49,20.74,85.55
2022-10-04,2572.71,70656.91,15.45,88.07,63.0,4811.42,4.961,1.76,23.38,85.42
2022-10-05,2024.42,55625.8,14.55,88.08,63.13,4811.03,4.909,1.74,23.6,85.46
2022-10-06,2545.5,69856.0,16.4,88.07,63.18,4813.48,5.006,1.73,20.21,85.36
2022-10-07,3005.41,82681.99,17.24,88.1,63.28,4812.04,5.054,1.88,22.03,85.57
2022-10-10,2518.05,69184.96,14.52,88.04,63.67,4816.01,5.037,1.77,23.29,85.46
2022-10-11,2337.83,64327.77,16.61,88.04,63.85,4826.22,5.006,1.94,22.56,85.58
2022-10-12,2879.76,79266.81,15.09,88.0,64.12,4829.74,4.985,1.57,24.71,85.61
2022-10-13,3431.54,94605.36,16.41,87.91,64.77,4833.12,5.024,1.73,24.59,85.75
2022-10-14,3399.19,93739.64,14.89,88.0,64.77,4842.07,4.971,1.72,28.25,85.77
2022-10-17,2674.36,73595.52,16.37,87.97,64.77,4849.4,5.014,1.55,22.15,85.59
2022-10-18,2896.12,79774.04,16.53,87.92,64.91,4840.8,5.015,1.85,25.68,85.67
2022-10-19,3209.44,88496.22,17.06,87.89,64.76,4834.79,5.032,2.05,24.92,85.76
2022-10-20,2692.3,74267.39,16.74,87.82,64.68,4837.64,5.083,1.7,28.86,85.8
2022-10-21,2777.48,76692.13,16.12,87.79,64.56,4846.57,5.012,1.78,25.46,85.88
2022-10-24,2494.85,68631.93,16.96,87.62,64.96,4845.5,4.985,1.71,30.57,85.56
2022-10-25,3501.69,96163.93,15.74,87.62,65.11,4839.94,4.999,1.59,29.95,85.42
2022-10-26,2877.06,79030.46,16.57,87.51,65.07,4832.61,4.947,1.42,31.26,85.44
2022-10-27,2494.87,68659.51,15.75,87.39,64.95,4825.5,4.979,1.59,31.56,85.6
2022-10-28,2382.85,65440.7,16.98,87.45,65.14,4828.42,4.988,1.48,35.47,85.42
2022-10-31,1927.5,52719.57,16.92,87.48,65.37,4835.68,4.984,1.95,40.78,85.07
2022-11-01,2029.55,55595.14,17.41,87.39,65.34,4851.48,5.005,1.67,41.06,85.2
2022-11-02,2356.85,64824.73,17.0,87.45,65.58,4847.96,4.975,1.63,45.2,85.55
2022-11-03,2977.53,82128.49,17.48,87.47,65.5,4845.71,5.034,1.82,50.49,85.79
2022-11-04,2729.74,75143.34,17.38,87.45,65.79,4850.1,5.0,1.51,51.34,85.62
2022-11-07,2138.37,58977.91,16.16,87.44,65.95,4864.67,5.0,1.56,48.14,85.79
2022-11-08,2249.89,61992.7,18.36,87.37,65.94,4878.39,4.99,1.69,49.11,85.7
2022-11-09,2695.81,74443.45,17.66,87.33,65.72,4871.76,5.005,1.83,46.44,85.89
2022-11-10,3192.6,88458.82,16.31,87.46,65.78,4873.23,5.025,1.75,46.31,86.18
2022-11-11,2168.51,60296.38,16.88,87.44,65.93,4883.75,4.974,1.71,44.51,86.48
2022-11-14,2783.16,77406.97,17.07,87.39,66.35,4865.3,4.98,1.68,50.06,86.51
2022-11-15,2435.89,67751.4,17.87,87.41,66.31,4863.56,4.991,1.73,48.54,86.51
2022-11-16,2434.01,67668.43,17.43,87.41,66.32,4852.78,4.96,1.7,51.24,86.47
2022-11-17,2167.35,60243.69,18.19,87.34,66.2,4841.09,4.975,1.51,50.87,86.46
2022-11-18,2874.44,79728.89,16.75,87.31,66.34,4849.61,4.986,1.67,56.39,86.27
2022-11-21,2443.39,67802.14,18.12,87.23,66.34,4865.27,5.026,1.5,57.13,86.31
2022-11-22,2505.6,69643.52,18.48,87.33,66.19,4870.58,5.008,1.67,62.12,86.45
2022-11-23,2999.53,83254.63,17.46,87.36,66.17,4864.41,5.006,1.58,59.13,86.33
2022-11-24,3014.77,83700.03,18.21,87.29,66.16,4869.99,5.026,2.04,54.51,86.35
2022-11-25,2317.58,64437.44,17.27,87.28,66.03,4874.04,4.996,1.65,48.97,86.48
2022-11-28,2658.99,74002.37,17.75,87.36,66.13,4871.56,5.012,1.44,42.01,86.56
2022-11-29,2883.66,80448.97,17.25,87.37,66.05,4873.89,4.997,1.63,48.48,86.77
2022-11-30,2456.46,68451.83,18.01,87.36,65.99,4883.83,5.008,1.73,43.29,86.67
2022-12-01,2768.38,76981.32,17.6,87.37,66.02,4875.62,4.983,1.9,38.86,86.49
2022-12-02,2403.47,67019.99,15.18,87.3,65.73,4866.79,4.927,1.55,33.81,86.73
2022-12-05,2368.84,65950.31,16.08,87.32,65.81,4866.53,4.996,1.4,33.23,86.59
2022-12-06,2142.64,59601.13,17.22,87.24,65.77,4854.21,5.043,1.76,30.73,86.52
2022-12-07,3103.64,86501.15,16.53,87.25,65.65,4860.41,5.028,1.43,32.9,86.69
2022-12-08,2291.64,63990.89,16.3,87.33,66.06,4869.66,5.029,1.57,29.62,86.85
2022-12-09,2157.15,60390.98,16.25,87.31,66.19,4866.64,5.037,1.6,26.4,87.08
2022-12-12,2052.32,57409.71,16.66,87.34,66.07,4856.26,5.003,1.62,26.02,87.01
2022-12-13,2454.6,68759.07,16.0,87.29,65.81,4853.44,5.006,1.73,28.33,87.13
2022-12-14,2064.32,57884.17,15.83,87.3,65.7,4851.33,4.981,1.53,28.51,87.22
2022-12-15,2209.92,61973.06,16.87,87.24,66.0,4850.88,4.991,1.59,27.67,87.22
2022-12-16,2767.8,77757.29,16.18,87.08,65.6,4860.91,5.018,1.62,25.52,87.38
2022-12-19,2655.67,74517.46,15.69,87.08,65.73,4851.36,5.036,1.64,22.97,87.28
2022-12-20,1970.59,55322.6,15.5,87.11,65.54,4857.76,4.996,1.64,16.51,87.32
2022-12-21,2752.5,77405.53,16.36,87.08,65.62,4857.29,4.986,1.68,23.17,87.47
2022-12-22,2506.39,70448.31,15.94,87.03,66.11,4861.95,5.0,1.74,22.2,87.42
2022-12-23,2903.48,81703.64,16.11,87.01,66.38,4861.51,5.018,1.67,22.15,87.52
2022-12-26,3005.41,84514.45,14.39,87.03,66.5,4862.71,4.957,1.68,21.69,87.47
2022-12-27,1869.55,52511.31,15.73,87.11,66.48,4854.52,4.931,1.37,18.67,87.36
2022-12-28,2765.86,77606.59,15.69,87.16,66.68,4852.09,4.983,1.62,22.2,87.27
2022-12-29,3090.1,86562.53,16.69,87.19,66.54,4855.15,4.963,1.68,22.15,87.13
2022-12-30,2553.2,71472.97,15.9,87.13,66.38,4845.75,4.985,1.71,22.07,87.07
2023-01-02,2723.26,76047.42,17.09,87.08,66.43,4834.63,4.996,1.5,22.43,86.86
2023-01-03,2569.0,71816.34,16.35,86.93,66.83,4835.32,4.986,1.5,21.61,86.95
2023-01-04,2852.38,79901.41,14.99,86.91,66.93,4834.58,5.044,1.51,19.45,87.13
2023-01-05,2644.28,74186.65,14.7,86.91,67.21,4849.52,5.01,1.68,20.01,87.26
2023-01-06,1789.04,50205.91,15.86,87.01,67.13,4847.22,5.009,1.75,20.24,87.29
2023-01-09,2473.3,69337.27,15.82,86.82,67.2,4863.73,5.019,1.53,20.18,87.2
2023-01-10,2468.49,69383.57,14.56,86.79,66.95,4865.91,4.966,1.73,21.88,87.42
2023-01-11,2798.74,78602.86,15.82,86.7,67.02,4877.99,5.031,1.61,21.1,87.35
2023-01-12,2981.51,83950.58,15.67,86.68,66.94,4880.99,4.998,1.57,23.9,87.58
2023-01-13,2465.59,69370.0,16.21,86.63,67.22,4885.71,5.02,1.55,24.1,87.51
2023-01-16,2080.35,58500.51,17.7,86.76,67.4,4893.01,4.968,1.7,19.79,87.46
2023-01-17,2614.36,73484.0,13.85,86.83,67.56,4894.71,4.953,1.63,11.91,87.43
2023-01-18,2240.47,62941.73,17.07,86.83,67.85,4899.99,5.025,1.92,22.01,87.38
2023-01-19,2276.06,63841.92,16.02,86.83,67.82,4896.92,5.011,1.45,18.42,87.24
2023-01-20,3380.76,94904.52,15.34,86.68,67.4,4883.87,4.973,1.65,17.86,87.31
2023-01-23,2259.34,63415.66,15.7,86.68,67.08,4879.83,4.974,1.5,18.63,87.3
2023-01-24,1911.79,53563.03,16.42,86.64,67.12,4883.59,5.034,1.44,18.5,87.14
2023-01-25,2718.78,76052.08,15.87,86.68,66.89,4882.24,4.964,1.57,20.59,87.01
2023-01-26,2764.08,77577.72,13.79,86.63,66.77,4891.3,5.049,1.59,16.22,87.3
2023-01-27,2831.96,79692.5,16.24,86.55,66.67,4902.31,4.973,2.01,17.16,87.53
2023-01-30,2836.49,80125.14,16.36,86.61,66.75,4901.63,5.019,1.54,19.98,87.86
2023-01-31,2555.92,72188.89,15.24,86.56,66.22,4903.96,4.99,1.39,20.52,87.85
2023-02-01,2591.07,73207.29,16.55,86.57,66.37,4896.38,5.018,1.6,20.53,87.88
2023-02-02,2869.25,80873.52,16.18,86.6,66.51,4896.97,4.984,1.25,17.66,87.67
2023-02-03,3101.42,87198.51,16.68,86.71,66.52,4894.7,4.995,1.54,17.25,87.45
2023-02-06,2054.68,57748.37,16.5,86.7,66.52,4909.4,5.001,1.56,18.18,87.42
2023-02-07,2309.12,65033.01,18.1,86.71,66.9,4918.39,4.97,1.67,19.66,87.6
2023-02-08,2792.14,78622.28,17.03,86.76,66.94,4926.46,5.022,1.7,22.13,87.58
2023-02-09,2612.43,73575.71,15.49,86.82,66.46,4956.12,4.985,1.48,15.05,87.6
2023-02-10,1849.34,52128.37,16.3,86.76,66.75,4960.95,4.993,1.53,18.69,87.67
2023-02-13,2305.3,64954.81,15.52,86.76,66.54,4952.49,4.97,1.43,16.45,87.64
2023-02-14,2664.75,74848.64,15.11,86.84,66.57,4959.35,4.923,1.38,15.79,87.36
2023-02-15,2581.5,72420.13,14.86,86.74,66.92,4966.29,4.994,1.59,21.02,87.26
2023-02-16,2447.77,68668.98,15.41,86.77,66.74,4976.69,5.072,1.35,20.16,87.26
2023-02-17,3441.12,96409.58,16.52,86.56,66.7,4980.52,5.024,1.48,19.96,87.14
2023-02-20,2563.31,71778.53,15.03,86.55,66.86,4973.47,4.999,1.39,20.89,87.1
2023-02-21,2648.27,74172.29,16.11,86.51,66.84,4983.33,4.992,1.62,18.07,87.11
2023-02-22,2623.89,73730.14,15.59,86.54,67.01,4987.24,5.001,1.8,18.15,87.4
2023-02-23,2668.87,74879.36,15.87,86.55,66.94,4993.06,5.016,1.34,23.37,87.27
2023-02-24,2596.53,72747.43,15.52,86.53,66.87,4998.49,4.965,1.25,18.5,87.14
2023-02-27,1832.09,51254.0,16.07,86.58,66.89,4995.69,5.033,1.51,20.45,87.01
2023-02-28,2234.35,62595.01,17.9,86.54,66.88,4985.56,5.021,1.53,18.98,87.14
2023-03-01,2497.87,70025.7,15.26,86.47,67.0,4981.24,5.022,1.56,15.25,87.2
2023-03-02,2901.22,81190.16,15.68,86.36,67.22,4974.5,5.013,1.46,14.85,87.04
2023-03-03,2518.5,70496.37,15.72,86.36,67.51,4970.38,5.001,1.49,17.77,87.06
2023-03-06,2318.71,64918.42,14.79,86.48,67.28,4971.06,5.02,1.57,21.02,87.08
2023-03-07,2977.04,83383.4,16.91,86.52,67.24,4978.26,5.018,1.67,20.48,87.12
2023-03-08,3102.79,86808.08,15.02,86.52,67.28,4981.72,4.989,1.22,20.72,87.02
2023-03-09,2041.86,57264.8,17.0,86.39,67.52,4982.43,4.983,1.46,16.9,87.23
2023-03-10,2659.39,74549.82,15.42,86.45,67.73,4975.2,5.003,1.54,22.09,87.19
2023-03-13,1631.77,45729.25,16.0,86.53,67.57,4978.83,5.046,1.37,16.92,87.17
2023-03-14,2493.71,69929.95,17.74,86.49,68.01,4975.27,4.963,1.77,19.26,87.22
2023-03-15,3301.52,92460.7,16.3,86.41,68.01,4984.92,4.956,1.41,18.8,87.11
2023-03-16,2646.61,74189.92,15.4,86.31,68.53,4983.53,5.005,1.5,18.46,87.19
2023-03-17,2095.88,58607.27,15.41,86.21,68.41,4996.95,5.002,1.59,21.48,86.97
2023-03-20,2101.57,58875.54,13.82,86.22,68.33,5009.34,5.005,1.41,17.38,87.14
2023-03-21,2218.83,62126.16,15.18,86.27,68.68,5008.25,5.007,1.22,16.07,87.09
2023-03-22,2323.87,65095.42,14.51,86.28,68.64,5002.52,4.993,1.43,18.8,87.13
2023-03-23,1894.69,53072.53,15.88,86.37,68.7,4994.9,5.045,1.65,17.95,87.12
2023-03-24,2728.59,76354.29,15.86,86.36,68.97,4988.13,4.952,1.44,25.49,87.04
2023-03-27,2785.47,78038.42,15.96,86.33,69.13,4995.29,4.975,1.37,20.08,87.14
2023-03-28,2455.19,68797.33,14.99,86.31,69.59,4996.6,4.997,1.63,17.89,87.16
2023-03-29,3338.1,93714.46,15.33,86.29,69.5,5008.38,4.951,1.44,16.59,87.32
2023-03-30,2430.96,68346.38,16.02,86.42,69.6,5006.21,4.995,1.41,14.93,87.45
2023-03-31,3042.19,85784.02,16.01,86.45,69.5,5004.11,5.05,1.51,16.63,87.71
2023-04-03,2102.58,59307.19,14.28,86.49,69.7,4990.42,5.001,1.6,18.9,87.73
2023-04-04,2738.44,77216.25,16.93,86.58,69.94,4991.9,5.007,1.84,21.51,87.7
2023-04-05,2779.17,78555.63,15.08,86.53,70.09,4988.9,4.962,1.6,20.89,87.92
2023-04-06,2325.56,65743.8,14.55,86.66,69.93,4987.93,4.982,1.65,19.09,87.93
2023-04-07,2650.02,74976.17,15.47,86.59,70.08,4985.27,4.989,1.4,17.98,88.0
2023-04-10,2286.15,64681.23,17.84,86.63,69.93,4990.55,4.99,1.32,19.15,88.0
2023-04-11,2410.57,68197.53,15.34,86.72,69.83,4988.95,5.038,1.48,17.57,88.0
2023-04-12,2410.47,67955.71,16.08,86.72,69.79,4995.22,5.017,1.49,22.04,87.69
2023-04-13,1995.49,56312.19,16.24,86.75,69.86,4991.68,4.967,1.31,18.21,87.77
2023-04-14,2690.22,75799.94,14.98,86.72,70.0,5006.83,5.007,1.44,18.41,87.64
2023-04-17,2716.11,76529.96,15.86,86.69,69.89,5004.45,5.015,1.53,14.15,87.64
2023-04-18,2352.42,66394.16,14.99,86.7,69.89,5020.14,5.034,1.52,18.18,87.79
2023-04-19,2583.91,73105.55,16.35,86.67,70.31,5028.68,5.047,1.54,20.24,88.0
2023-04-20,2145.78,60514.25,15.91,86.66,70.32,5030.76,4.97,1.5,16.43,87.72
2023-04-21,2019.71,56833.43,15.7,86.67,70.44,5036.27,4.976,1.38,17.07,87.52
2023-04-24,2332.66,65828.34,15.66,86.71,70.34,5039.66,4.962,1.38,20.16,87.77
2023-04-25,2702.9,76472.06,16.96,86.71,70.83,5036.94,4.993,1.27,15.62,88.0
2023-04-26,2439.4,69017.17,16.03,86.64,70.74,5047.59,5.014,1.72,20.7,88.0
2023-04-27,2302.09,65132.16,15.82,86.62,70.74,5060.77,5.03,1.45,17.53,88.0
2023-04-28,2599.75,73553.77,15.71,86.58,70.71,5058.81,4.998,1.42,17.83,88.0
2023-05-01,2133.21,60229.45,14.31,86.59,70.7,5060.68,4.99,1.31,16.37,87.82
2023-05-02,2039.79,57630.64,15.16,86.62,70.89,5063.25,5.005,1.89,19.39,87.88
2023-05-03,2349.84,66483.21,14.73,86.65,70.87,5073.41,4.975,1.28,23.58,88.0
2023-05-04,2167.03,61311.07,14.88,86.65,71.03,5080.09,5.063,1.38,20.25,88.0
2023-05-05,2045.2,57864.11,15.1,86.67,71.44,5082.06,4.952,1.5,17.0,88.0
2023-05-08,2824.39,79909.57,15.64,86.63,71.26,5090.45,5.006,1.53,21.04,88.0
2023-05-09,3299.94,93363.96,15.56,86.72,71.19,5109.4,5.061,1.58,18.18,88.0
2023-05-10,1919.29,54301.69,16.6,86.78,71.02,5127.16,5.0,1.71,21.62,88.0
2023-05-11,2342.5,66275.64,17.07,86.73,71.06,5123.57,4.994,1.51,20.56,88.0
2023-05-12,2519.05,71270.44,16.25,86.72,70.98,5118.1,4.989,1.27,13.13,88.0
2023-05-15,1805.83,51091.64,15.73,86.74,71.1,5125.12,4.995,1.39,17.1,88.0
2023-05-16,2346.99,66402.45,15.01,86.76,70.46,5119.69,5.041,1.47,21.1,88.0
2023-05-17,2371.23,67046.47,16.87,86.76,70.67,5117.23,4.934,1.74,19.64,87.94
2023-05-18,2596.37,73412.02,14.88,86.68,70.55,5122.41,5.046,1.21,17.43,87.94
2023-05-19,2110.23,59596.42,16.2,86.74,70.62,5121.34,4.957,1.6,18.37,87.84
2023-05-22,2180.58,61694.3,15.79,86.76,70.22,5130.03,4.992,1.45,16.0,88.0
2023-05-23,2777.39,78579.77,14.96,86.74,70.47,5130.68,4.987,1.55,19.85,88.0
2023-05-24,2584.59,73124.77,15.58,86.71,70.07,5132.35,5.018,1.4,24.69,88.0
2023-05-25,2663.28,75351.23,16.22,86.65,69.81,5117.32,4.952,1.29,22.15,88.0
2023-05-26,1764.17,49912.97,15.98,86.55,69.86,5120.75,5.014,1.53,25.23,88.0
2023-05-29,2164.29,61233.53,18.59,86.55,69.66,5126.76,5.061,1.51,22.97,88.0
2023-05-30,2970.78,84051.24,15.58,86.64,69.51,5131.1,4.959,1.56,23.66,88.0
2023-05-31,2383.66,67440.05,15.02,86.69,69.92,5124.01,5.006,1.41,26.01,88.0
2023-06-01,2341.28,66240.9,15.66,86.7,70.0,5132.54,4.98,1.32,23.34,88.0
2023-06-02,2354.0,66600.89,15.2,86.75,69.92,5138.5,5.013,1.17,22.81,88.0
2023-06-05,2986.17,84486.53,14.43,86.75,69.8,5144.48,5.001,1.53,25.92,88.0
2023-06-06,2122.85,60061.12,16.8,86.65,69.94,5141.79,4.981,1.47,27.53,88.0
2023-06-07,2631.58,74454.33,16.64,86.53,70.09,5139.13,5.015,1.26,24.54,88.0
2023-06-08,2474.28,70003.91,16.55,86.59,70.01,5147.74,5.054,1.32,25.04,88.0
2023-06-09,1871.53,52950.62,16.28,86.52,69.61,5155.29,4.994,1.33,27.89,88.0
2023-06-12,2256.86,63852.4,15.79,86.56,69.46,5148.73,5.022,1.17,30.55,88.0
2023-06-13,2053.03,58085.77,16.11,86.55,68.95,5151.0,4.961,1.27,31.93,88.0
2023-06-14,1891.42,53513.24,15.61,86.57,68.72,5145.56,4.971,1.22,29.12,88.0
2023-06-15,2799.58,79207.58,15.75,86.56,68.82,5150.8,5.014,1.33,37.66,88.0
2023-06-16,1900.9,53781.36,17.44,86.66,69.08,5156.65,5.045,1.28,34.67,88.0
2023-06-19,2642.4,74760.48,17.19,86.66,69.32,5144.59,5.011,1.14,37.82,88.0
2023-06-20,2040.89,57742.17,17.22,86.64,69.42,5135.92,4.991,1.69,39.26,88.0
2023-06-21,2880.46,81495.78,16.72,86.69,69.61,5121.84,5.0,1.57,49.54,88.0
2023-06-22,2200.81,62266.68,17.3,86.75,69.29,5137.88,4.962,1.26,48.12,88.0
2023-06-23,2503.68,70835.72,16.86,86.77,69.41,5141.06,5.018,1.42,49.9,88.0
2023-06-26,2184.14,61795.12,17.21,86.73,69.04,5152.3,5.026,1.44,57.82,88.0
2023-06-27,1627.58,46048.41,17.85,86.61,68.83,5161.99,4.986,1.55,62.72,88.0
2023-06-28,1834.67,51907.6,18.24,86.63,68.86,5163.1,4.986,1.25,66.58,88.0
2023-06-29,1760.85,49818.95,17.79,86.59,69.28,5159.1,5.008,1.54,66.81,88.0
2023-06-30,2575.65,72871.81,17.55,86.56,69.16,5160.88,4.987,1.29,62.39,88.0
2023-07-03,2446.56,69219.75,18.77,86.59,68.98,5146.58,4.998,1.17,62.69,88.0
2023-07-04,2698.52,76348.32,16.21,86.61,69.1,5151.34,5.063,1.48,60.02,88.0
2023-07-05,2230.65,63111.03,18.85,86.72,69.26,5158.91,4.993,1.56,62.48,88.0
2023-07-06,1697.63,48030.41,18.51,86.71,69.03,5163.1,4.989,1.75,70.57,88.0
2023-07-07,2971.22,84063.74,17.85,86.64,69.07,5162.18,4.981,1.18,72.84,88.0
2023-07-10,2820.17,79790.05,17.68,86.69,68.93,5154.97,5.022,1.47,63.56,88.0
2023-07-11,2593.28,73370.65,17.69,86.78,69.09,5153.52,4.995,1.3,61.35,88.0
2023-07-12,2834.25,80188.45,18.16,86.79,69.18,5162.83,4.981,1.47,52.93,88.0
2023-07-13,2362.13,66830.76,17.01,86.68,69.22,5176.69,5.04,1.14,48.54,88.0
2023-07-14,2484.91,70304.55,16.27,86.61,69.21,5172.33,5.043,1.16,45.42,88.0
2023-07-17,2136.05,60434.39,17.13,86.63,69.31,5183.1,4.982,1.24,41.77,88.0
2023-07-18,1995.14,56447.86,16.36,86.75,69.16,5180.25,4.944,1.36,38.69,88.0
2023-07-19,1769.91,50075.39,16.88,86.8,69.52,5177.85,5.03,1.25,38.84,88.0
2023-07-20,2057.44,58210.46,16.64,86.85,69.96,5195.49,4.979,1.45,34.59,88.0
2023-07-21,3297.25,93287.84,15.48,86.87,70.16,5205.61,5.024,1.5,33.72,88.0
2023-07-24,1755.83,49677.09,16.84,86.74,69.98,5218.0,4.941,1.43,32.59,88.0
2023-07-25,1951.0,55198.87,14.81,86.75,70.37,5204.36,5.027,1.59,29.74,88.0
2023-07-26,2320.02,65639.58,15.85,86.72,70.12,5218.72,4.964,1.4,25.64,88.0
2023-07-27,3183.32,90064.4,14.71,86.61,70.3,5206.6,5.022,1.16,23.66,88.0
2023-07-28,1929.29,54584.77,14.23,86.63,70.5,5221.78,5.0,1.54,25.58,88.0
2023-07-31,2059.88,58279.54,15.9,86.65,70.59,5230.42,4.971,1.24,23.99,88.0
2023-08-01,2557.53,72359.34,16.54,86.63,70.83,5221.85,4.988,1.47,23.66,88.0
2023-08-02,2526.46,71480.28,15.82,86.63,71.17,5228.26,5.021,1.57,22.71,88.0
2023-08-03,2060.4,58294.12,17.13,86.69,70.98,5249.65,5.003,1.4,27.24,88.0
2023-08-04,1981.12,56051.22,15.27,86.58,71.25,5256.43,5.018,1.1,18.83,88.0
2023-08-07,2439.14,69009.76,15.46,86.57,71.15,5263.43,5.059,1.19,16.99,88.0
2023-08-08,2162.95,61195.51,15.13,86.49,71.2,5259.99,4.953,1.52,21.17,88.0
2023-08-09,2377.05,67252.89,16.07,86.52,71.03,5264.24,5.049,1.3,19.35,88.0
2023-08-10,2226.3,62987.79,16.17,86.4,71.0,5252.0,5.003,1.33,20.37,88.0
2023-08-11,2427.58,68682.71,15.45,86.43,71.04,5256.44,4.973,1.43,20.58,88.0
2023-08-14,2462.5,69670.75,14.74,86.4,71.0,5254.41,4.96,1.42,21.7,88.0
2023-08-15,1534.39,43411.83,14.15,86.36,71.08,5247.63,4.994,1.36,15.86,88.0
2023-08-16,2076.26,58742.97,16.37,86.41,71.05,5253.33,5.028,1.28,17.54,88.0
2023-08-17,2356.46,66670.5,14.46,86.48,71.03,5247.89,4.996,1.27,19.3,88.0
2023-08-18,2556.97,72343.32,16.98,86.53,71.04,5258.54,5.045,1.44,19.81,88.0
2023-08-21,2134.6,60393.43,15.07,86.53,70.97,5262.09,4.956,1.39,22.49,88.0
2023-08-22,1571.17,44452.57,15.23,86.65,71.31,5271.92,5.0,1.27,19.87,88.0
2023-08-23,2710.95,76700.02,18.11,86.63,71.11,5279.96,4.962,1.47,17.71,88.0
2023-08-24,2564.75,72563.6,14.96,86.67,71.48,5266.69,5.011,1.29,15.93,88.0
2023-08-25,2297.4,64999.38,14.47,86.66,71.45,5258.31,5.027,1.18,16.48,88.0
2023-08-28,2122.14,60040.79,15.09,86.57,71.24,5259.3,4.987,1.19,16.32,88.0
2023-08-29,2514.69,71147.22,14.11,86.59,70.98,5262.83,4.922,1.15,18.73,88.0
2023-08-30,2139.46,60531.06,15.28,86.56,70.91,5278.58,5.006,1.26,17.86,88.0
2023-08-31,2633.86,74518.98,15.6,86.59,70.92,5279.69,5.013,1.48,14.63,88.0
2023-09-01,2963.95,83858.03,16.23,86.67,71.03,5283.24,5.012,1.18,16.34,88.0
2023-09-04,2119.67,59970.93,16.06,86.73,71.42,5287.59,5.037,1.32,18.9,88.0
2023-09-05,2591.79,73328.63,15.61,86.79,71.2,5285.1,4.968,1.19,17.8,88.0
2023-09-06,2057.68,58217.16,17.46,86.89,71.38,5276.24,5.02,1.25,18.18,88.0
2023-09-07,2678.19,75772.97,15.82,86.86,71.58,5285.4,5.036,1.06,17.76,88.0
2023-09-08,2226.99,63007.32,16.85,86.82,71.42,5291.57,4.947,1.26,20.21,88.0
2023-09-11,2884.42,81607.72,16.15,86.89,71.56,5287.94,5.01,1.26,17.38,88.0
2023-09-12,2246.7,63565.06,16.65,86.93,71.91,5295.82,4.985,1.37,16.1,88.0
2023-09-13,1998.63,56546.57,16.38,86.89,72.19,5287.25,4.998,1.32,15.01,88.0
2023-09-14,2214.33,62649.29,16.08,86.84,72.1,5301.58,5.01,1.1,17.3,88.0
2023-09-15,2244.72,63509.14,15.83,86.84,72.43,5304.43,4.985,1.44,11.89,88.0
2023-09-18,2449.34,69298.38,16.76,86.93,72.51,5329.33,4.98,1.31,16.37,88.0
2023-09-19,2233.56,63193.23,14.88,86.87,72.52,5321.26,5.001,1.31,16.3,88.0
2023-09-20,2442.08,69092.98,14.52,86.83,72.49,5326.47,4.967,1.27,13.96,88.0
2023-09-21,2459.18,69576.58,13.74,86.79,72.69,5331.1,4.967,1.2,14.8,88.0
2023-09-22,2221.05,62839.37,16.1,86.67,72.73,5332.58,5.02,1.3,18.25,88.0
2023-09-25,2520.09,71300.0,16.57,86.75,72.89,5349.26,4.966,1.34,17.07,88.0
2023-09-26,2184.2,61796.73,14.2,86.8,72.88,5357.35,5.02,1.01,16.78,88.0
2023-09-27,3180.81,89993.62,14.74,86.74,72.9,5358.45,5.014,1.19,17.17,88.0
2023-09-28,2559.38,72411.55,16.72,86.76,73.02,5354.4,4.948,1.23,16.72,88.0
2023-09-29,2700.62,76407.76,16.25,86.8,73.14,5364.86,4.98,1.3,19.0,88.0
2023-10-02,2392.63,67693.91,16.18,86.8,73.11,5383.5,5.036,1.44,16.74,88.0
2023-10-03,2217.08,62727.06,15.57,86.72,73.16,5389.5,4.971,1.15,13.55,88.0
2023-10-04,2801.27,79255.25,15.37,86.8,73.12,5386.69,4.986,1.18,19.71,88.0
2023-10-05,2630.89,74434.72,14.09,86.79,73.18,5396.17,5.014,1.18,17.17,88.0
2023-10-06,1550.01,43853.98,15.89,86.86,72.95,5390.52,5.024,1.14,15.22,88.0
2023-10-09,3230.13,91388.94,17.3,86.78,72.87,5412.66,4.992,1.2,13.88,88.0
2023-10-10,2824.5,79912.48,15.97,86.66,73.13,5411.35,4.982,1.37,17.15,88.0
2023-10-11,2402.62,67976.44,14.39,86.71,73.22,5408.56,5.043,1.09,16.11,88.0
2023-10-12,2800.23,79226.0,15.61,86.62,73.26,5412.33,5.052,1.31,19.47,88.0
2023-10-13,2724.35,77078.91,16.21,86.63,73.07,5398.95,5.029,0.99,15.61,88.0
2023-10-16,2748.47,77761.55,16.37,86.57,73.13,5409.31,5.003,1.16,14.61,88.0
2023-10-17,2256.28,63836.23,17.03,86.59,73.13,5422.35,4.976,1.2,18.05,88.0
2023-10-18,2612.11,73903.48,16.79,86.51,73.06,5415.91,4.975,1.5,18.09,88.0
2023-10-19,2682.55,75896.34,13.69,86.54,73.4,5423.85,5.016,1.2,16.56,88.0
2023-10-20,3025.94,85611.92,15.45,86.68,73.07,5422.73,5.013,0.91,17.56,88.0
2023-10-23,2611.98,73899.9,13.88,86.68,73.14,5418.63,5.042,0.94,16.11,88.0
2023-10-24,2704.75,76524.65,15.98,86.76,73.4,5421.92,5.02,1.24,16.64,88.0
2023-10-25,2222.25,62873.33,16.3,86.85,73.65,5414.9,4.955,1.33,18.48,88.0
2023-10-26,2592.04,73335.68,14.81,86.82,73.81,5408.5,5.032,1.29,17.38,88.0
2023-10-27,2906.33,82227.81,15.13,86.86,73.89,5426.78,4.97,1.26,15.78,88.0
2023-10-30,2323.84,65747.61,15.16,86.85,73.9,5417.94,4.988,1.41,18.8,88.0
2023-10-31,2398.71,67865.77,15.95,86.82,74.01,5428.03,5.008,1.15,11.35,88.0
2023-11-01,2210.82,62549.85,15.8,86.86,74.05,5440.12,5.06,1.36,20.17,88.0
2023-11-02,2032.78,57512.84,14.53,86.88,74.08,5442.14,5.093,0.98,12.63,88.0
2023-11-03,2206.08,62415.69,15.99,86.91,74.14,5437.76,5.018,1.09,14.78,88.0
2023-11-06,2727.73,77174.79,15.83,86.89,74.4,5431.13,4.995,0.95,15.93,88.0
2023-11-07,2427.32,68675.33,16.24,86.92,74.45,5437.22,5.016,1.18,15.71,88.0
2023-11-08,2191.5,62003.3,14.26,86.98,74.35,5445.28,5.027,1.21,18.0,88.0
2023-11-09,3292.46,93152.3,14.87,86.98,74.17,5457.76,4.99,1.24,13.85,88.0
2023-11-10,2229.87,63088.84,16.17,87.02,74.26,5443.86,5.054,1.23,16.48,88.0
2023-11-13,2694.53,76235.43,13.89,86.9,73.92,5456.22,5.007,1.08,14.79,88.0
2023-11-14,2571.35,72750.4,14.19,86.92,74.18,5459.48,5.015,1.19,16.52,88.0
2023-11-15,2537.35,71788.33,14.79,86.78,74.06,5452.11,5.02,0.99,15.8,88.0
2023-11-16,1800.02,50927.29,16.57,86.73,74.18,5461.59,5.013,1.42,16.1,88.0
2023-11-17,2951.5,83505.71,15.62,86.74,74.5,5461.49,5.025,1.16,14.81,88.0
2023-11-20,2618.74,74091.06,15.97,86.72,74.67,5471.3,4.981,1.14,14.88,88.0
2023-11-21,2824.77,79920.12,15.08,86.64,75.01,5459.32,4.983,1.45,16.47,88.0
2023-11-22,2881.07,81451.59,14.84,86.66,75.54,5468.57,4.967,1.02,17.79,87.93
2023-11-23,3087.79,87361.73,16.85,86.73,75.76,5473.22,5.013,1.04,14.7,88.0
2023-11-24,2096.12,59304.76,15.99,86.7,75.57,5471.8,5.023,1.04,14.17,88.0
2023-11-27,2218.87,62777.7,14.98,86.74,75.91,5463.66,5.014,1.19,17.14,88.0
2023-11-28,2247.96,63600.81,14.09,86.83,76.05,5478.03,5.05,1.26,15.86,88.0
2023-11-29,2165.8,61276.07,14.79,86.79,76.33,5469.81,5.0,1.31,17.6,88.0
2023-11-30,2973.14,84117.86,15.18,86.74,76.6,5468.15,5.02,1.58,14.14,88.0
2023-12-01,2107.31,59621.49,14.19,86.85,76.43,5481.9,4.967,0.86,12.42,88.0
2023-12-04,2342.59,66278.16,15.87,86.94,76.73,5484.89,4.988,1.29,14.95,88.0
2023-12-05,1852.15,52402.33,16.31,86.98,76.58,5484.09,5.021,1.11,14.52,88.0
2023-12-06,2743.14,77610.8,15.77,86.88,76.57,5497.19,5.025,1.1,15.94,88.0
2023-12-07,2429.36,68733.11,15.32,87.02,76.31,5497.46,4.991,1.1,14.87,88.0
2023-12-08,2790.97,78964.0,16.15,87.02,76.64,5496.87,4.998,1.05,17.69,88.0
2023-12-11,2717.57,76887.17,15.72,87.06,76.63,5507.15,4.954,1.44,15.71,88.0
2023-12-12,1860.92,52650.28,14.55,87.06,76.73,5509.53,4.989,1.31,16.67,88.0
2023-12-13,2537.64,71796.54,16.27,87.04,76.38,5503.97,5.027,1.19,16.79,88.0
2023-12-14,2078.37,58802.58,16.59,86.95,76.24,5500.93,5.017,1.38,16.98,88.0
2023-12-15,2519.11,71272.39,17.04,86.88,76.41,5488.48,5.015,0.95,16.67,88.0
2023-12-18,2275.36,64375.8,16.9,86.83,76.69,5504.26,5.001,0.98,17.9,88.0
2023-12-19,3162.6,89478.41,15.43,86.78,76.69,5491.51,5.0,0.85,15.47,88.0
2023-12-20,3449.71,97601.26,16.25,86.7,76.54,5502.39,4.98,1.07,20.06,88.0
2023-12-21,2371.58,67098.36,16.43,86.68,76.53,5505.5,5.021,1.2,17.03,88.0
2023-12-22,2503.83,70839.9,16.47,86.73,76.57,5524.43,5.013,1.19,15.15,88.0
2023-12-25,1633.91,46227.52,17.85,86.71,76.66,5526.88,5.015,1.19,18.45,88.0
2023-12-26,1857.59,52556.2,16.18,86.71,76.66,5534.5,4.984,0.96,16.73,88.0
2023-12-27,2594.11,73394.29,16.18,86.82,76.95,5549.28,4.935,1.29,20.16,88.0
2023-12-28,2435.85,68916.53,17.93,86.67,76.81,5557.86,5.033,1.2,23.71,88.0
2023-12-29,2586.74,73185.65,17.62,86.68,76.95,5550.22,4.986,1.28,18.24,88.0
2024-01-01,2124.86,60117.9,17.15,86.73,77.04,5544.18,4.974,0.88,21.07,88.0
2024-01-02,2540.32,71872.29,15.02,86.74,77.26,5542.86,5.021,1.21,17.57,88.0
2024-01-03,1495.66,42316.22,16.68,86.61,77.01,5543.78,4.988,0.98,22.75,88.0
2024-01-04,2225.34,62960.82,16.37,86.57,77.0,5553.12,5.032,1.1,20.95,88.0
2024-01-05,2626.65,74314.92,17.12,86.57,77.09,5552.13,5.018,1.24,22.46,88.0
2024-01-08,3099.69,87698.49,15.87,86.54,77.3,5566.45,5.019,1.17,22.63,88.0
2024-01-09,2440.64,69052.19,17.56,86.57,77.36,5566.89,4.956,1.03,27.58,88.0
2024-01-10,2712.72,76749.87,17.46,86.54,77.57,5575.83,5.032,1.16,29.58,88.0
2024-01-11,2233.19,63182.71,17.68,86.47,77.59,5575.28,5.003,0.92,29.26,88.0
2024-01-12,2633.93,74520.96,16.57,86.43,77.55,5582.27,4.983,1.32,29.35,88.0
2024-01-15,2297.62,65005.71,17.75,86.35,77.32,5577.87,4.997,1.12,36.41,88.0
2024-01-16,3229.05,91358.25,18.33,86.34,77.55,5582.51,4.939,1.32,34.18,88.0
2024-01-17,2372.84,67133.96,15.15,86.38,78.23,5591.57,5.003,1.07,34.12,88.0
2024-01-18,2440.96,69061.31,18.54,86.36,77.94,5593.69,4.959,1.07,42.5,88.0
2024-01-19,2788.46,78892.96,17.66,86.38,77.89,5587.63,4.948,1.03,42.92,88.0
2024-01-22,2736.27,77416.3,18.6,86.35,77.73,5606.91,4.942,1.27,51.13,88.0
2024-01-23,2425.82,68632.89,19.7,86.35,77.81,5606.91,5.02,1.04,52.94,88.0
2024-01-24,2730.77,77260.66,19.52,86.36,78.24,5595.57,4.967,1.24,50.4,88.0
2024-01-25,2152.36,60895.87,17.77,86.25,78.19,5607.52,5.031,1.08,48.02,88.0
2024-01-26,2592.63,73352.23,16.06,86.31,78.47,5621.82,4.968,0.84,39.3,88.0
2024-01-29,2701.2,76423.94,17.53,86.39,78.53,5622.67,4.932,1.05,37.5,88.0
2024-01-30,2353.55,66563.9,18.43,86.34,78.35,5614.15,4.949,0.96,35.76,87.97
2024-01-31,2387.91,67548.49,18.9,86.3,78.19,5612.75,5.018,1.14,36.58,87.98
2024-02-01,2291.64,64660.33,15.38,86.27,78.43,5615.58,4.975,0.95,30.08,87.76
2024-02-02,1969.29,55535.19,17.99,86.19,78.41,5619.7,4.963,1.27,28.34,87.71
2024-02-05,2669.91,75262.45,17.74,86.12,78.73,5612.8,4.983,1.12,28.85,87.68
2024-02-06,2343.44,66112.96,17.8,86.09,78.85,5617.03,4.992,1.1,25.3,87.75
2024-02-07,2715.24,76405.44,17.3,85.99,78.96,5617.57,5.01,1.23,25.49,87.52
2024-02-08,2431.01,68357.79,15.52,85.93,78.76,5619.77,5.018,1.27,20.97,87.46
2024-02-09,2724.63,76668.02,17.01,85.99,78.73,5609.85,4.963,1.12,27.52,87.52
2024-02-12,1844.08,52099.06,16.04,85.97,78.39,5611.58,4.933,1.01,19.54,87.87
2024-02-13,2061.19,58184.88,15.9,85.93,78.53,5614.43,4.96,0.86,20.84,87.8
2024-02-14,2197.88,62033.32,17.56,85.91,78.53,5598.45,4.979,1.02,20.76,87.79
2024-02-15,2946.07,82999.75,16.94,86.01,78.86,5593.1,4.941,1.03,24.08,87.63
2024-02-16,2633.32,74352.43,17.12,86.05,78.77,5600.39,4.94,1.13,17.1,87.82
2024-02-19,2383.35,67431.26,17.98,85.95,78.86,5587.63,4.978,1.06,23.29,88.0
2024-02-20,2312.89,65398.03,15.47,85.97,78.79,5591.14,4.966,1.22,20.46,87.95
2024-02-21,2681.92,75878.52,18.32,85.99,79.01,5596.63,4.967,1.02,19.47,88.0
2024-02-22,2242.45,63441.96,18.43,85.9,78.81,5601.34,4.942,1.1,16.39,88.0
2024-02-23,2724.09,77071.58,15.56,85.96,78.85,5603.05,4.957,1.29,19.28,88.0
2024-02-26,2365.98,66939.74,17.57,85.95,78.8,5598.24,4.935,1.16,16.5,88.0
2024-02-27,2947.53,83393.3,18.76,85.88,78.39,5610.92,4.989,1.1,20.33,88.0
2024-02-28,2101.49,59456.68,15.46,85.88,78.24,5601.73,4.992,1.02,15.74,88.0
2024-02-29,2412.58,68258.16,15.74,85.8,78.54,5611.21,4.905,1.01,17.37,88.0
2024-03-01,2104.47,59541.02,17.42,85.84,78.78,5618.33,4.931,0.98,16.43,88.0
2024-03-04,3045.24,86157.89,17.07,85.8,78.79,5629.25,4.913,1.02,15.54,88.0
2024-03-05,2439.53,69020.72,17.21,85.76,79.13,5620.31,4.937,1.21,19.0,88.0
2024-03-06,2066.83,58438.72,16.74,85.71,79.25,5616.07,4.953,1.07,18.62,87.94
2024-03-07,2100.28,59245.62,17.08,85.71,79.43,5624.71,4.912,0.9,20.02,87.74
2024-03-08,2617.59,73500.39,14.68,85.73,79.47,5626.05,4.926,1.36,14.13,87.34
2024-03-11,1764.76,49683.06,16.0,85.67,79.34,5623.09,4.923,1.14,19.94,87.57
2024-03-12,2345.34,66017.94,17.09,85.54,79.36,5620.68,4.958,0.88,22.97,87.55
2024-03-13,2077.89,58561.92,15.12,85.5,79.67,5623.13,4.953,1.03,17.23,87.66
2024-03-14,2349.08,66212.2,17.23,85.47,79.65,5619.45,4.928,1.11,22.14,87.67
2024-03-15,2439.11,68817.83,17.19,85.48,79.15,5620.19,4.954,1.35,18.08,87.76
2024-03-18,2386.31,67213.17,16.01,85.46,79.25,5612.31,4.932,0.92,16.16,87.61
2024-03-19,2354.39,66428.3,16.4,85.47,79.18,5610.05,4.939,1.23,18.64,87.76
2024-03-20,2523.12,71351.45,16.27,85.53,78.69,5608.94,4.996,1.3,21.74,87.96
2024-03-21,3082.7,87162.84,16.4,85.48,78.67,5596.21,4.985,0.99,18.43,87.94
2024-03-22,2904.01,82100.57,17.29,85.46,78.64,5592.6,4.905,1.04,19.42,87.93
2024-03-25,2321.51,65636.35,17.5,85.43,78.65,5604.97,4.968,0.93,22.4,87.94
2024-03-26,2718.18,76904.34,18.15,85.39,78.78,5610.9,4.966,1.05,21.89,88.0
2024-03-27,2724.42,77080.88,17.15,85.41,78.74,5608.75,4.907,1.07,23.82,88.0
2024-03-28,2336.98,65962.23,17.82,85.43,78.79,5609.49,4.965,1.18,24.0,87.79
2024-03-29,2470.87,69661.09,16.23,85.52,78.64,5612.26,4.985,1.24,25.46,87.69
2024-04-01,2699.99,76252.66,17.44,85.55,78.44,5613.15,4.904,0.96,24.76,87.84
2024-04-02,2217.43,62688.99,17.04,85.54,78.47,5614.81,4.909,0.78,27.35,87.93
2024-04-03,2428.34,68704.13,17.88,85.46,78.4,5619.69,4.967,1.07,26.46,88.0
2024-04-04,2469.29,69862.59,17.47,85.53,78.3,5625.93,4.943,1.12,32.52,88.0
2024-04-05,2486.33,70296.28,17.2,85.51,78.15,5636.7,4.951,1.11,30.51,87.94
2024-04-08,2472.07,69818.92,17.17,85.51,78.17,5636.37,4.943,1.02,36.12,87.85
2024-04-09,2773.8,78383.4,18.75,85.66,77.91,5635.01,4.944,1.09,35.76,87.89
2024-04-10,2634.57,74538.81,17.58,85.64,77.79,5640.4,4.891,1.29,39.3,88.0
2024-04-11,2858.24,80867.2,19.71,85.68,77.63,5630.42,4.961,1.12,40.94,88.0
2024-04-12,3562.42,100790.24,16.94,85.66,77.96,5638.32,4.964,1.01,43.32,88.0
2024-04-15,2439.23,68991.62,19.32,85.72,78.07,5643.28,4.921,0.99,45.75,87.97
2024-04-16,2702.16,76322.93,16.15,85.76,78.12,5653.6,4.926,1.04,43.28,87.85
2024-04-17,2810.0,79353.43,18.07,85.83,78.5,5644.66,4.88,1.31,41.35,87.84
2024-04-18,3021.63,85468.6,17.33,85.76,78.23,5630.32,4.94,1.03,39.43,87.98
2024-04-19,2770.6,78163.95,18.22,85.79,78.34,5629.66,4.941,1.06,38.39,87.75
2024-04-22,2202.16,62113.89,18.2,85.81,78.6,5633.71,4.921,0.99,33.15,87.73
2024-04-23,2355.21,66276.23,19.19,85.84,78.59,5630.23,4.956,1.22,30.23,87.53
2024-04-24,2659.39,74902.67,16.88,85.74,78.53,5631.57,4.911,1.35,27.3,87.6
2024-04-25,2354.7,66125.97,16.53,85.76,78.48,5650.63,4.937,1.12,29.56,87.35
2024-04-26,2071.48,58116.85,17.95,85.78,78.56,5650.01,4.888,1.06,29.96,87.26
2024-04-29,2296.37,64425.81,16.94,85.83,78.64,5647.6,4.917,1.06,28.5,87.26
2024-04-30,2303.59,64800.07,15.98,85.89,78.58,5640.26,4.912,0.69,26.3,87.49
2024-05-01,2221.53,62538.14,16.47,85.83,78.84,5643.97,4.923,1.16,25.21,87.56
2024-05-02,3530.16,99624.31,16.25,85.74,79.11,5637.38,4.904,1.07,26.49,87.78
2024-05-03,2695.56,75844.52,15.12,85.85,79.27,5642.95,4.91,1.11,23.02,87.52
2024-05-06,2619.93,73811.95,17.84,85.81,78.94,5627.31,4.938,0.94,23.0,87.63
2024-05-07,2912.05,82128.57,16.71,85.89,78.98,5629.36,4.899,0.99,20.51,87.72
2024-05-08,3241.97,91611.9,14.66,85.98,78.98,5616.58,4.863,0.98,17.93,87.89
2024-05-09,2725.22,77103.66,17.73,86.04,78.77,5626.45,4.962,1.19,18.86,88.0
2024-05-10,2951.21,83497.6,16.42,86.11,78.88,5633.23,4.95,0.98,19.83,88.0
2024-05-13,2370.41,67065.05,16.41,86.1,78.68,5642.57,4.869,1.35,19.65,88.0
2024-05-14,2236.41,63274.03,17.07,86.11,78.87,5644.71,4.928,1.1,23.1,88.0
2024-05-15,2903.67,82152.57,15.78,86.16,79.09,5637.96,4.891,0.85,19.17,88.0
2024-05-16,2918.1,82560.86,15.25,86.13,79.09,5646.37,4.913,1.02,21.16,88.0
2024-05-17,2873.37,81295.2,15.83,86.09,79.44,5645.41,4.913,0.94,17.76,88.0
2024-05-20,2626.98,74324.23,16.05,86.07,79.22,5657.23,4.896,0.7,17.86,88.0
2024-05-21,2290.63,64807.86,15.73,85.96,79.58,5660.45,4.878,1.27,15.71,88.0
2024-05-22,2390.32,67628.57,16.95,86.0,79.65,5666.92,4.88,1.14,16.79,88.0
2024-05-23,2996.67,84783.59,17.82,86.0,79.65,5668.91,4.873,1.11,19.26,88.0
2024-05-24,2360.73,66791.15,16.25,86.09,79.63,5683.19,4.874,1.05,18.17,88.0
2024-05-27,2644.14,74809.7,14.46,86.12,79.98,5690.59,4.896,0.82,20.02,88.0
2024-05-28,2288.46,64746.65,16.31,86.23,80.03,5718.04,4.876,0.95,18.48,88.0
2024-05-29,2507.68,70949.0,15.73,86.29,79.99,5723.56,4.916,1.15,17.43,88.0
2024-05-30,2184.67,61809.98,16.35,86.33,80.48,5732.32,4.94,0.87,22.46,88.0
2024-05-31,2559.2,72406.5,15.87,86.4,80.55,5729.68,4.877,0.64,18.03,88.0
2024-06-03,2412.38,68252.59,15.77,86.33,81.03,5731.25,4.9,0.99,20.61,88.0
2024-06-04,1953.06,55257.13,15.11,86.39,81.03,5733.44,4.907,1.0,17.57,88.0
2024-06-05,2840.24,80357.82,16.43,86.39,81.17,5720.84,4.905,1.04,19.91,88.0
2024-06-06,2803.15,79308.39,15.89,86.33,81.01,5719.46,4.892,1.13,20.48,88.0
2024-06-07,2600.2,73566.49,18.09,86.26,80.88,5720.7,4.911,1.11,19.2,88.0
2024-06-10,2172.2,61457.16,16.4,86.31,80.88,5722.39,4.902,1.05,14.26,88.0
2024-06-11,2185.87,61843.99,15.97,86.33,80.6,5725.15,4.85,1.19,19.23,88.0
2024-06-12,3440.91,97352.41,15.98,86.31,80.52,5728.26,4.912,0.79,21.9,88.0
2024-06-13,1620.02,45834.51,16.47,86.18,80.35,5731.39,4.912,1.09,20.78,88.0
2024-06-14,2191.07,61991.02,16.72,86.18,80.27,5733.56,4.861,1.11,20.95,88.0
2024-06-17,3399.12,96169.97,16.71,86.22,80.5,5740.74,4.884,0.82,16.99,88.0
2024-06-18,3526.56,99775.74,17.26,86.15,80.49,5734.44,4.902,0.78,19.42,88.0
2024-06-19,3239.05,91641.34,16.47,86.12,80.44,5746.11,4.875,0.9,22.17,88.0
2024-06-20,2794.42,79061.51,17.0,86.07,80.28,5741.77,4.912,0.91,22.71,88.0
2024-06-21,2383.35,67431.2,17.3,86.13,80.4,5730.55,4.95,1.12,24.94,88.0
2024-06-24,1995.19,56449.22,16.68,86.14,80.47,5724.63,4.854,0.91,22.93,88.0
2024-06-25,2771.8,78421.61,16.54,86.12,80.78,5718.27,4.836,0.87,24.83,88.0
2024-06-26,2343.38,66300.43,16.88,86.05,80.9,5710.92,4.885,0.91,24.96,88.0
2024-06-27,3172.06,89746.07,16.32,86.17,81.11,5704.17,4.897,1.17,23.97,88.0
2024-06-28,1949.97,55169.71,15.78,86.13,81.19,5701.88,4.867,1.0,22.6,88.0
2024-07-01,2701.16,76422.89,18.51,86.18,81.52,5698.21,4.917,0.97,29.28,88.0
2024-07-02,2991.58,84639.75,17.46,86.25,81.27,5700.17,4.832,0.98,30.26,88.0
2024-07-03,3045.77,86172.79,17.77,86.23,81.38,5711.92,4.892,1.19,30.36,88.0
2024-07-04,3000.68,84897.2,17.03,86.27,81.21,5727.14,4.852,0.88,30.26,88.0
2024-07-05,2852.49,80704.48,18.09,86.27,80.93,5723.65,4.921,1.19,32.88,88.0
2024-07-08,2785.29,78803.06,17.11,86.22,80.93,5727.56,4.928,1.03,29.44,88.0
2024-07-09,3070.77,86880.16,15.85,86.18,80.75,5729.01,4.844,0.97,29.62,88.0
2024-07-10,2876.3,81378.18,17.23,86.17,80.94,5732.53,4.85,1.37,30.95,88.0
2024-07-11,2875.95,81368.1,17.28,86.25,81.01,5736.64,4.891,0.83,21.81,88.0
2024-07-12,2731.11,77270.29,16.47,86.23,80.88,5740.1,4.852,0.94,23.7,88.0
2024-07-15,2570.64,72730.28,15.24,86.24,80.75,5748.23,4.862,0.8,23.8,88.0
2024-07-16,2200.38,62254.63,17.1,86.3,80.93,5747.26,4.863,1.13,26.36,88.0
2024-07-17,2256.93,63854.59,15.49,86.37,80.97,5749.89,4.803,1.24,19.49,88.0
2024-07-18,2583.71,73099.92,17.18,86.3,81.25,5756.81,4.86,1.24,26.04,88.0
2024-07-19,2670.88,75566.16,18.19,86.47,81.13,5753.58,4.838,1.17,21.92,88.0
2024-07-22,2343.69,66309.12,15.78,86.53,81.62,5754.0,4.843,0.95,20.99,88.0
2024-07-23,2318.44,65594.74,17.44,86.52,81.51,5751.06,4.9,0.93,20.38,88.0
2024-07-24,2570.73,72732.66,18.09,86.55,81.1,5754.07,4.818,0.73,19.55,88.0
2024-07-25,3061.89,86620.27,18.29,86.63,81.15,5746.84,4.879,1.28,22.2,87.99
2024-07-26,1913.6,54140.85,16.51,86.59,81.51,5752.93,4.846,1.05,17.7,88.0
2024-07-29,2357.7,66705.51,16.01,86.58,81.39,5751.16,4.845,0.9,20.29,88.0
2024-07-30,2769.22,78348.43,16.99,86.56,81.15,5756.45,4.876,1.18,18.62,88.0
2024-07-31,3191.91,90307.43,16.75,86.48,80.72,5754.51,4.861,0.83,17.68,88.0
2024-08-01,3532.11,99932.66,18.0,86.46,80.5,5763.03,4.867,1.04,24.22,88.0
2024-08-02,2624.61,74257.17,16.92,86.45,80.48,5763.58,4.878,0.95,19.74,88.0
2024-08-05,2624.85,74263.96,17.37,86.38,80.5,5759.92,4.838,1.07,20.01,88.0
2024-08-06,2699.7,76381.67,16.11,86.38,80.58,5753.3,4.829,0.96,20.96,88.0
2024-08-07,2806.16,79393.79,17.23,86.39,80.88,5753.99,4.813,0.75,15.75,88.0
2024-08-08,2715.58,76766.74,16.02,86.38,80.71,5769.31,4.82,0.98,22.02,87.93
2024-08-09,2747.61,77628.1,16.24,86.42,80.89,5766.0,4.932,1.13,13.43,87.88
2024-08-12,2213.36,62445.84,17.44,86.36,80.88,5759.37,4.88,0.96,16.85,87.75
2024-08-13,2122.82,59966.56,18.19,86.39,81.21,5763.29,4.801,1.08,17.42,87.86
2024-08-14,2982.38,84379.28,17.61,86.19,81.29,5760.2,4.801,0.81,19.46,88.0
2024-08-15,2626.38,74307.33,17.02,86.33,81.39,5754.45,4.854,0.96,18.7,88.0
2024-08-16,2999.98,84877.4,16.93,86.34,81.48,5751.19,4.855,0.87,17.9,88.0
2024-08-19,2759.5,78073.6,16.34,86.31,81.36,5746.2,4.854,1.07,18.19,88.0
2024-08-20,2126.35,60159.92,16.73,86.35,81.19,5746.11,4.829,0.97,16.24,88.0
2024-08-21,3236.47,91568.3,15.31,86.35,81.21,5757.56,4.832,1.06,15.19,88.0
2024-08-22,2683.28,75917.07,18.84,86.34,81.03,5760.84,4.845,1.12,19.62,88.0
2024-08-23,2401.46,67943.51,19.36,86.34,81.35,5751.76,4.837,1.06,19.55,88.0
2024-08-26,2492.22,70511.59,15.69,86.38,81.1,5765.86,4.766,1.0,21.33,88.0
2024-08-27,2248.45,63614.5,15.76,86.32,81.16,5764.35,4.825,0.81,16.57,88.0
2024-08-28,2834.98,80208.99,18.72,86.36,81.23,5747.17,4.805,0.95,19.54,88.0
2024-08-29,2683.26,75916.58,16.66,86.34,81.15,5746.35,4.835,0.87,17.59,88.0
2024-08-30,3478.74,98422.84,18.77,86.38,81.1,5765.15,4.919,0.9,20.54,88.0
2024-09-02,2931.09,82928.17,18.15,86.33,81.16,5765.46,4.839,0.9,20.21,88.0
2024-09-03,3465.15,98038.1,17.03,86.27,81.36,5770.35,4.818,0.8,18.59,88.0
2024-09-04,2384.41,67461.32,17.97,86.27,81.41,5772.31,4.854,0.66,17.5,88.0
2024-09-05,2631.14,74441.84,17.41,86.21,81.51,5762.3,4.839,0.85,20.11,88.0
2024-09-06,3111.57,88034.57,17.49,86.18,81.54,5784.41,4.837,0.98,19.49,88.0
2024-09-09,3001.18,84911.31,17.7,86.23,82.09,5799.26,4.841,0.75,16.83,88.0
2024-09-10,2771.58,78415.29,17.89,86.28,81.88,5811.47,4.884,0.95,15.56,88.0
2024-09-11,2424.7,68601.27,18.38,86.25,81.43,5805.71,4.787,1.23,17.65,88.0
2024-09-12,2016.98,57065.79,19.75,86.24,81.74,5809.95,4.834,1.1,21.26,88.0
2024-09-13,2742.79,77600.69,18.08,86.27,82.0,5823.76,4.791,1.19,20.54,88.0
2024-09-16,2733.97,77351.09,18.49,86.22,82.09,5823.43,4.835,1.0,16.03,88.0
2024-09-17,2861.02,80945.94,18.54,86.13,81.83,5821.02,4.789,1.12,15.93,88.0
2024-09-18,2309.68,65347.03,18.09,86.07,82.13,5818.58,4.803,0.83,20.83,88.0
2024-09-19,2487.82,70387.0,16.81,86.14,82.32,5810.83,4.806,0.84,16.02,88.0
2024-09-20,2954.63,83594.16,18.2,86.25,82.49,5808.45,4.843,0.53,19.33,88.0
2024-09-23,3049.72,86284.58,17.86,86.27,82.78,5805.19,4.841,1.12,17.09,88.0
2024-09-24,2904.08,82164.2,16.7,86.2,82.69,5809.11,4.775,1.17,21.57,88.0
2024-09-25,2693.95,76219.07,18.26,86.23,82.49,5804.02,4.813,0.85,16.81,88.0
2024-09-26,2373.38,67149.15,16.07,86.26,82.55,5801.58,4.789,0.9,20.65,88.0
2024-09-27,3166.7,89594.24,17.92,86.29,82.54,5805.47,4.771,0.82,18.75,88.0
2024-09-30,3086.71,87331.04,16.92,86.4,82.43,5812.21,4.801,0.99,18.89,88.0
2024-10-01,2647.08,74893.0,17.37,86.47,82.47,5825.62,4.798,1.1,14.46,88.0
2024-10-02,3168.59,89647.84,15.64,86.55,82.25,5826.12,4.879,0.67,14.01,88.0
2024-10-03,2818.6,79745.72,16.65,86.52,82.24,5833.36,4.818,0.99,17.99,88.0
2024-10-04,2592.13,73338.22,16.8,86.51,82.45,5837.42,4.763,0.89,18.94,88.0
2024-10-07,3195.02,90395.53,17.01,86.51,82.18,5838.93,4.786,0.95,16.21,88.0
2024-10-08,2883.73,81588.29,16.64,86.57,82.03,5846.49,4.833,1.0,16.3,88.0
2024-10-09,2686.67,76012.97,17.55,86.58,81.84,5842.25,4.864,0.9,19.61,88.0
2024-10-10,2366.03,66941.11,17.71,86.63,81.51,5840.46,4.752,0.91,19.63,88.0
2024-10-11,2405.38,68054.45,16.77,86.7,81.57,5845.81,4.743,0.89,18.24,88.0
2024-10-14,3146.72,89029.0,17.43,86.73,81.55,5855.45,4.854,1.07,20.09,88.0
2024-10-15,2982.98,84396.32,17.57,86.85,81.35,5860.56,4.809,0.99,16.2,88.0
2024-10-16,2401.88,67955.38,15.13,86.84,81.47,5864.88,4.77,0.96,17.85,88.0
2024-10-17,2391.49,67661.69,17.56,86.89,81.36,5868.48,4.811,0.73,21.87,88.0
2024-10-18,3599.08,101827.33,16.47,86.85,81.39,5878.56,4.715,0.86,18.72,88.0
2024-10-21,2976.16,84203.42,14.92,86.86,81.29,5888.38,4.793,1.05,18.85,88.0
2024-10-22,3268.1,92463.3,17.14,86.92,81.36,5889.19,4.802,0.92,23.23,88.0
2024-10-23,3365.15,95209.01,16.21,87.03,81.57,5895.63,4.819,1.02,15.83,88.0
2024-10-24,2496.99,70646.54,17.13,87.05,81.32,5901.75,4.76,1.18,20.23,88.0
2024-10-25,3484.79,98594.03,17.99,87.14,81.34,5901.81,4.792,1.07,21.98,88.0
2024-10-28,2434.99,68892.34,17.97,87.25,81.28,5896.74,4.76,0.93,18.02,88.0
2024-10-29,3111.43,88030.65,18.37,87.26,81.17,5894.84,4.795,0.84,20.4,88.0
2024-10-30,2764.72,78221.14,17.91,87.35,81.14,5890.38,4.759,0.53,16.73,88.0
2024-10-31,3117.65,88206.65,16.11,87.44,81.04,5881.16,4.773,0.89,17.34,88.0
2024-11-01,2791.45,78977.56,18.28,87.44,81.27,5890.81,4.754,0.86,19.49,88.0
2024-11-04,3077.09,87059.02,16.15,87.49,81.23,5895.38,4.803,0.97,20.34,88.0
2024-11-05,3375.61,95504.79,18.17,87.39,81.18,5897.59,4.808,0.89,20.99,88.0
2024-11-06,3308.94,93618.53,17.83,87.28,81.51,5907.24,4.774,0.86,21.9,88.0
2024-11-07,2863.34,81011.34,17.18,87.22,81.65,5915.93,4.781,0.64,18.64,88.0
2024-11-08,2555.28,72295.74,16.49,87.25,81.54,5922.11,4.736,0.77,21.18,88.0
2024-11-11,2786.9,78848.75,18.33,87.29,81.47,5928.63,4.769,0.98,18.12,88.0
2024-11-12,3058.36,86529.18,16.67,87.19,81.51,5942.35,4.775,1.16,20.63,88.0
2024-11-13,3124.65,88404.57,17.24,87.19,81.46,5937.13,4.855,0.89,19.25,88.0
2024-11-14,3283.44,92897.19,17.42,87.19,81.35,5939.45,4.742,0.95,19.74,88.0
2024-11-15,2625.18,74273.17,15.99,87.12,81.32,5942.66,4.818,1.05,19.71,88.0
2024-11-18,2559.62,72418.48,17.16,87.1,81.16,5938.79,4.803,0.78,15.67,88.0
2024-11-19,2549.68,72137.12,16.25,87.17,81.46,5938.22,4.78,0.96,16.64,88.0
2024-11-20,2875.9,81366.87,18.55,87.18,81.71,5927.32,4.824,0.79,19.11,88.0
2024-11-21,3014.85,85298.16,19.64,87.25,81.56,5925.33,4.781,1.03,15.55,88.0
2024-11-22,3077.0,87056.46,16.74,87.3,81.73,5928.14,4.781,0.92,20.6,88.0
2024-11-25,2432.08,68809.88,17.13,87.34,81.66,5924.73,4.766,0.94,20.69,88.0
2024-11-26,2615.2,73990.77,17.45,87.35,81.45,5926.2,4.804,0.78,19.62,88.0
2024-11-27,2717.58,76887.6,15.44,87.37,81.42,5923.47,4.799,1.0,16.74,88.0
2024-11-28,3635.57,102859.9,19.28,87.32,81.58,5934.94,4.746,1.21,21.76,88.0
2024-11-29,2823.42,79882.07,17.18,87.4,81.84,5942.8,4.724,0.74,23.09,88.0
2024-12-02,2414.95,68325.26,16.86,87.52,81.82,5934.95,4.757,0.84,19.33,88.0
2024-12-03,3093.77,87530.84,17.85,87.45,81.8,5941.71,4.738,0.93,20.07,88.0
2024-12-04,2920.5,82628.78,17.38,87.39,81.97,5942.66,4.759,1.01,19.47,88.0
2024-12-05,2542.31,71928.72,17.32,87.4,82.19,5950.05,4.797,0.81,20.15,88.0
2024-12-06,2796.82,79129.33,17.62,87.32,81.87,5953.19,4.745,0.47,18.87,88.0
2024-12-09,2839.21,80328.83,17.3,87.37,82.1,5951.43,4.757,1.1,19.06,88.0
2024-12-10,2915.61,82490.16,16.45,87.3,81.89,5949.59,4.759,1.0,20.97,88.0
2024-12-11,3316.45,93831.13,18.39,87.45,82.11,5952.48,4.781,0.63,23.87,88.0
2024-12-12,3175.47,89842.55,16.48,87.57,82.42,5951.62,4.688,0.8,16.41,88.0
2024-12-13,3033.79,85833.91,17.02,87.62,82.44,5956.76,4.736,1.12,19.03,88.0
2024-12-16,3374.04,95460.55,17.46,87.6,82.3,5954.5,4.759,1.1,16.91,88.0
2024-12-17,2872.58,81272.79,16.31,87.68,82.25,5945.65,4.788,1.03,22.48,88.0
2024-12-18,2749.92,77802.39,17.4,87.66,82.49,5955.75,4.736,0.86,18.16,88.0
2024-12-19,3143.53,88938.72,17.91,87.61,82.34,5963.51,4.694,0.9,16.49,88.0
2024-12-20,3105.99,87876.78,18.71,87.5,82.01,5977.15,4.768,0.86,20.69,88.0
2024-12-23,2477.47,70094.18,18.22,87.46,82.11,5969.89,4.729,1.05,22.95,88.0
2024-12-24,3555.2,100586.08,18.12,87.56,82.12,5971.21,4.711,0.75,20.84,88.0
2024-12-25,2633.46,74507.49,16.42,87.65,82.0,5966.36,4.727,0.76,19.98,88.0
2024-12-26,3199.36,90518.24,18.04,87.7,82.19,5948.49,4.739,1.03,20.45,88.0
2024-12-27,3218.43,91057.91,17.13,87.7,82.37,5961.14,4.726,0.87,22.53,88.0
2024-12-30,1865.08,52768.16,18.2,87.62,82.39,5962.07,4.677,1.09,18.03,88.0
2024-12-31,3083.3,87234.82,17.12,87.59,82.37,5957.84,4.769,0.78,19.64,88.0
2025-01-01,3619.49,102404.83,18.05,87.57,82.23,5964.3,4.779,0.87,19.06,88.0
2025-01-02,2726.89,77150.98,17.0,87.57,82.2,5965.94,4.76,0.74,17.73,88.0
2025-01-03,2287.66,64724.01,16.47,87.52,81.77,5973.9,4.705,0.88,19.53,88.0
2025-01-06,2991.37,84633.61,17.2,87.57,81.49,5971.01,4.732,0.65,22.54,88.0
2025-01-07,3235.92,91552.77,16.99,87.54,81.35,5970.19,4.737,0.8,21.61,88.0
2025-01-08,3003.17,84967.59,18.36,87.51,81.42,5974.05,4.754,0.66,21.93,88.0
2025-01-09,2680.49,75838.12,16.08,87.55,81.01,5980.57,4.755,0.98,21.13,88.0
2025-01-10,2654.58,75104.97,15.72,87.59,80.94,5994.72,4.712,0.98,22.1,88.0
2025-01-13,2402.9,67984.49,17.0,87.66,81.11,5989.18,4.735,0.61,19.69,88.0
2025-01-14,2351.08,66518.25,16.97,87.62,81.1,5994.78,4.746,1.07,20.94,88.0
2025-01-15,2924.0,82727.56,16.4,87.68,80.94,5997.41,4.775,1.25,22.25,88.0
2025-01-16,3201.12,90568.22,17.21,87.59,81.19,5985.97,4.751,0.88,22.77,88.0
2025-01-17,3108.72,87954.01,17.38,87.58,81.39,5973.84,4.753,0.77,23.25,88.0
2025-01-20,3158.35,89357.97,18.63,87.52,81.61,5973.2,4.731,1.29,22.77,88.0
2025-01-21,3275.19,92663.67,15.32,87.52,81.6,5980.42,4.769,0.67,22.8,88.0
2025-01-22,3564.72,100855.28,17.75,87.61,81.5,5979.29,4.738,0.87,30.43,88.0
2025-01-23,3087.4,87350.79,18.8,87.48,81.25,5981.24,4.699,0.89,26.57,88.0
2025-01-24,3225.79,91266.17,18.83,87.56,81.16,5993.24,4.766,1.07,26.3,88.0
2025-01-27,3216.21,90994.98,17.3,87.65,81.11,5994.43,4.744,0.92,25.83,88.0
2025-01-28,3113.96,88102.14,16.54,87.63,81.12,5999.93,4.709,0.79,26.32,88.0
2025-01-29,3091.16,87457.1,16.8,87.58,81.34,5998.06,4.707,0.72,28.01,88.0
2025-01-30,3138.18,88787.42,16.35,87.61,81.39,6005.7,4.729,0.81,30.04,88.0
2025-01-31,3689.3,104380.1,16.54,87.5,81.41,5997.66,4.733,0.71,27.03,88.0
2025-02-03,3667.01,103749.4,17.29,87.59,81.21,5988.38,4.724,0.87,29.17,88.0
2025-02-04,2510.89,71039.72,17.81,87.71,81.03,5992.65,4.726,0.78,32.76,88.0
2025-02-05,3223.26,91194.65,18.23,87.67,81.01,6008.63,4.767,0.64,36.39,88.0
2025-02-06,3155.28,89271.08,17.81,87.64,81.11,6002.77,4.747,1.05,37.71,88.0
2025-02-07,3635.32,102852.8,17.87,87.69,81.2,5979.5,4.72,0.79,43.64,88.0
2025-02-10,3151.84,89173.79,18.61,87.65,81.14,5986.13,4.741,0.67,40.55,88.0
2025-02-11,3245.38,91820.47,17.9,87.61,81.08,6001.03,4.681,0.83,45.22,88.0
2025-02-12,2927.05,82813.9,19.34,87.67,80.66,6011.44,4.723,0.87,53.39,88.0
2025-02-13,3487.55,98672.05,17.11,87.67,81.07,6003.35,4.764,0.6,54.72,88.0
2025-02-14,2745.93,77689.54,19.63,87.72,81.05,6005.63,4.702,0.91,60.89,88.0
2025-02-17,3117.1,88190.93,20.75,87.82,80.82,6008.65,4.683,0.7,58.58,88.0
2025-02-18,2814.29,79623.56,17.85,87.77,80.59,6016.26,4.687,1.11,49.0,88.0
2025-02-19,3090.26,87431.53,19.67,87.79,80.59,6030.38,4.673,0.93,46.57,88.0
2025-02-20,2974.81,84165.27,18.67,87.73,80.47,6036.73,4.681,0.8,43.04,88.0
2025-02-21,3461.12,97924.13,18.38,87.8,80.5,6043.06,4.693,0.74,36.86,88.0
2025-02-24,3062.11,86635.1,18.28,87.8,80.21,6049.97,4.661,0.84,37.67,88.0
2025-02-25,3730.0,105531.67,17.18,87.82,80.19,6050.93,4.702,0.95,37.86,88.0
2025-02-26,3077.94,87083.01,16.37,87.91,80.44,6037.99,4.728,0.85,35.25,88.0
2025-02-27,2754.06,77919.56,17.91,87.83,80.32,6036.03,4.673,0.82,33.7,88.0
2025-02-28,3057.7,86510.38,17.19,87.86,80.12,6040.89,4.745,0.86,30.21,88.0
2025-03-03,3315.97,93817.57,15.93,87.8,79.91,6047.45,4.713,0.76,28.32,88.0
2025-03-04,3781.9,106999.81,16.95,87.84,79.75,6038.88,4.728,0.8,31.01,88.0
2025-03-05,2876.77,81391.27,15.86,87.74,79.69,6032.62,4.676,0.54,26.44,88.0
2025-03-06,3725.57,105406.19,18.91,87.72,79.92,6032.43,4.721,1.0,27.12,88.0
2025-03-07,3051.51,86335.22,17.84,87.7,80.13,6038.03,4.661,0.89,26.06,88.0
2025-03-10,2949.77,83456.68,16.14,87.78,79.82,6044.36,4.72,0.73,27.95,88.0
2025-03-11,3395.17,96058.21,17.67,87.81,79.77,6043.43,4.697,1.13,26.34,88.0
2025-03-12,3608.03,102080.65,15.62,87.75,79.54,6046.82,4.708,0.86,21.26,88.0
2025-03-13,3295.84,93247.87,14.86,87.72,79.49,6047.46,4.655,0.69,20.99,88.0
2025-03-14,2587.8,73215.55,16.23,87.79,79.33,6052.66,4.662,0.97,24.1,88.0
2025-03-17,3244.28,91789.12,16.61,87.78,79.44,6041.83,4.706,0.91,22.44,88.0
2025-03-18,3907.19,110544.72,17.0,87.8,79.41,6042.88,4.659,0.9,21.33,88.0
2025-03-19,2245.57,63533.2,17.57,87.78,79.65,6043.77,4.7,0.78,23.98,88.0
2025-03-20,3242.57,91740.81,16.42,87.84,79.69,6043.62,4.644,0.91,22.07,88.0
2025-03-21,2998.73,84841.89,17.24,87.91,80.01,6050.51,4.709,0.8,21.57,88.0
2025-03-24,2753.96,77916.79,15.26,88.05,80.03,6066.53,4.646,0.93,22.83,88.0
2025-03-25,3468.16,98123.51,17.61,88.02,79.86,6072.75,4.699,0.56,20.34,88.0
2025-03-26,2437.78,68971.15,15.23,87.99,80.17,6066.03,4.7,0.78,24.08,88.0
2025-03-27,2940.27,83188.04,16.19,88.01,80.13,6067.04,4.659,1.1,19.23,88.0
2025-03-28,3441.19,97360.24,15.75,87.99,79.74,6075.5,4.696,0.73,22.0,88.0
2025-03-31,3408.93,96447.7,15.17,87.91,79.83,6089.69,4.686,0.75,23.45,88.0
2025-04-01,3289.45,93067.09,16.49,87.97,80.06,6088.03,4.661,0.77,17.74,88.0
2025-04-02,3131.9,88609.63,17.8,88.05,79.9,6092.94,4.646,0.66,19.73,88.0
2025-04-03,3037.57,85940.93,14.56,87.97,79.85,6094.28,4.616,0.51,22.63,88.0
2025-04-04,2913.66,82435.05,14.32,87.95,79.98,6090.94,4.684,0.8,22.6,88.0
2025-04-07,2717.8,76893.73,15.56,88.03,79.99,6084.72,4.626,0.86,19.89,88.0
2025-04-08,3364.88,95201.39,16.08,87.9,79.99,6080.57,4.675,0.83,18.72,88.0
2025-04-09,3122.93,88355.8,17.09,87.92,79.67,6089.64,4.663,0.81,22.06,88.0
2025-04-10,3367.63,95279.26,16.07,87.94,79.44,6091.05,4.69,0.84,22.48,88.0
2025-04-11,2782.04,78711.16,14.72,87.91,79.17,6086.96,4.66,0.99,17.75,88.0
2025-04-14,2758.71,78051.16,17.38,87.94,79.34,6095.34,4.658,0.81,17.65,88.0
2025-04-15,3225.8,91266.52,15.42,87.98,79.39,6091.45,4.689,0.75,20.49,88.0
2025-04-16,2194.05,62075.46,17.01,87.9,79.37,6082.34,4.676,0.79,21.27,88.0
2025-04-17,2104.18,59532.83,15.42,87.97,79.57,6081.97,4.674,0.92,19.4,88.0
2025-04-18,3414.61,96608.2,16.5,87.97,79.89,6082.41,4.678,1.04,21.34,88.0
2025-04-21,2759.37,78069.83,16.63,88.07,79.93,6090.53,4.617,0.74,18.55,88.0
2025-04-22,3087.66,87358.18,15.42,87.99,79.69,6076.21,4.685,0.85,15.73,88.0
2025-04-23,3166.74,89595.4,16.75,87.97,79.66,6067.12,4.679,0.88,19.11,88.0
2025-04-24,3413.97,96590.13,15.87,87.94,79.23,6061.94,4.629,0.68,20.07,88.0
2025-04-25,2865.65,81076.7,15.85,87.91,79.09,6067.81,4.652,0.83,19.39,88.0
2025-04-28,2872.93,81282.86,17.31,88.05,79.07,6061.83,4.657,0.61,17.62,88.0
2025-04-29,2756.36,77984.67,16.17,88.03,78.74,6058.17,4.653,0.56,16.3,88.0
2025-04-30,3239.64,91657.97,16.64,88.04,78.77,6042.52,4.666,0.88,18.9,88.0
2025-05-01,3263.93,92345.26,16.96,88.04,78.93,6044.74,4.698,0.77,21.73,88.0
2025-05-02,3516.71,99496.88,16.9,88.02,78.8,6057.76,4.686,0.86,22.44,88.0
2025-05-05,2590.67,73296.83,16.66,87.99,78.68,6059.68,4.614,0.83,22.3,88.0
2025-05-06,3865.89,109376.29,17.16,88.04,78.85,6077.48,4.671,0.68,18.3,88.0
2025-05-07,2903.78,82155.68,15.31,88.01,78.94,6093.09,4.691,0.82,17.62,88.0
2025-05-08,2981.96,84367.52,16.37,88.04,79.2,6090.3,4.662,0.64,20.92,88.0
2025-05-09,3084.09,87257.04,16.26,88.09,79.43,6080.63,4.682,1.04,21.2,88.0
2025-05-12,2686.19,75999.44,16.39,88.08,79.16,6086.0,4.708,0.62,20.73,88.0
2025-05-13,2886.15,81656.78,15.52,88.11,79.03,6108.07,4.678,0.8,15.9,88.0
2025-05-14,3595.87,101736.52,14.7,88.07,78.81,6113.03,4.653,0.67,18.2,88.0
2025-05-15,3604.48,101980.27,17.22,88.07,78.76,6116.84,4.676,0.91,19.88,88.0
2025-05-16,3101.22,87741.68,18.66,87.98,78.43,6110.48,4.648,0.77,20.91,88.0
2025-05-19,3422.01,96817.58,17.41,87.94,78.4,6112.1,4.644,0.75,21.47,88.0
2025-05-20,3174.57,89817.02,17.32,87.96,78.34,6123.73,4.631,0.95,20.23,88.0
2025-05-21,2996.6,84781.84,16.63,88.06,78.48,6122.57,4.688,0.83,20.61,88.0
2025-05-22,2746.78,77713.59,16.19,88.1,78.77,6114.24,4.615,0.9,20.12,88.0
2025-05-23,2695.78,76270.62,16.12,88.13,79.1,6123.18,4.685,0.68,21.32,88.0
2025-05-26,2719.36,76937.83,16.04,88.19,78.65,6125.61,4.653,0.61,20.58,88.0
2025-05-27,3597.55,101784.29,15.79,88.15,78.7,6120.23,4.595,0.84,20.08,88.0
2025-05-28,3290.62,93100.25,14.77,88.14,78.7,6107.94,4.647,0.77,19.42,88.0
2025-05-29,3490.82,98764.6,16.57,88.13,78.41,6112.82,4.572,0.91,20.12,88.0
2025-05-30,3090.52,87439.02,16.2,88.03,78.72,6113.08,4.653,0.81,20.93,88.0
2025-06-02,2614.27,73964.5,17.53,87.96,78.63,6113.16,4.66,0.85,20.5,88.0
2025-06-03,3145.61,88997.47,16.98,87.99,78.75,6121.12,4.614,0.58,20.73,88.0
2025-06-04,3398.57,96154.48,15.03,88.07,78.96,6117.0,4.635,1.1,22.65,88.0
2025-06-05,3148.37,89075.7,18.06,88.1,78.92,6119.66,4.689,0.79,20.5,88.0
2025-06-06,2456.62,69504.21,16.07,88.05,79.25,6118.41,4.614,0.92,18.67,88.0
2025-06-09,2411.52,68228.25,16.25,88.12,78.85,6133.49,4.596,0.69,21.74,88.0
2025-06-10,3184.68,90102.87,14.95,88.09,79.09,6141.09,4.671,0.86,17.24,88.0
2025-06-11,2837.62,80283.78,16.53,88.02,78.83,6128.44,4.685,0.62,17.81,88.0
2025-06-12,3094.33,87546.74,16.94,88.07,79.0,6134.01,4.625,0.89,20.65,88.0
2025-06-13,2713.5,76771.96,18.06,88.12,78.81,6129.9,4.654,0.76,21.01,88.0
2025-06-16,3006.23,85054.05,17.06,88.24,78.74,6125.81,4.663,0.82,17.49,88.0
2025-06-17,2557.26,72351.74,15.91,88.23,78.91,6129.18,4.6,0.92,19.22,88.0
2025-06-18,3035.15,85872.29,14.49,88.32,79.09,6129.12,4.606,0.63,18.77,88.0
2025-06-19,3210.84,90843.18,15.65,88.32,79.45,6128.34,4.657,0.71,19.01,88.0
2025-06-20,3238.72,91631.91,17.44,88.36,79.77,6122.03,4.67,0.88,21.88,88.0
2025-06-23,2484.47,70292.24,16.32,88.47,79.59,6114.28,4.635,1.13,21.4,88.0
2025-06-24,3121.32,88310.26,15.28,88.51,79.53,6100.76,4.591,0.79,19.95,88.0
2025-06-25,2716.72,76863.06,16.58,88.57,79.7,6109.03,4.676,0.9,18.9,88.0
2025-06-26,3484.16,98576.0,15.92,88.66,79.74,6102.86,4.599,0.8,17.29,88.0
2025-06-27,3281.14,92832.16,16.28,88.75,79.61,6095.93,4.604,1.11,22.83,88.0
2025-06-30,2919.05,82587.55,15.55,88.72,79.66,6091.99,4.623,0.55,21.18,88.0
2025-07-01,3720.99,105276.67,16.42,88.83,79.82,6104.9,4.659,0.83,18.58,88.0
2025-07-02,2634.82,74545.87,17.23,88.83,80.0,6124.23,4.637,0.57,21.44,88.0
2025-07-03,2880.07,81484.74,16.57,88.81,80.31,6140.9,4.622,0.44,19.86,88.0
2025-07-04,3110.68,88009.43,14.68,88.82,80.15,6140.03,4.623,0.86,19.42,88.0
2025-07-07,3673.74,103939.79,17.74,88.94,80.15,6139.02,4.609,0.83,20.87,88.0
2025-07-08,3454.06,97724.49,16.83,88.92,80.25,6138.3,4.624,0.77,18.52,88.0
2025-07-09,3224.49,91229.39,16.59,88.98,79.98,6138.44,4.53,0.8,19.31,88.0
2025-07-10,2619.48,74111.91,17.1,88.98,79.86,6128.93,4.596,1.28,20.24,88.0
2025-07-11,2610.85,73867.84,16.74,89.13,79.79,6141.54,4.611,0.77,19.0,88.0
2025-07-14,3193.52,90353.0,16.71,89.05,79.56,6159.2,4.568,0.89,21.34,88.0
2025-07-15,2478.92,70135.27,15.46,88.98,79.27,6155.13,4.614,0.71,23.74,88.0
2025-07-16,3059.43,86559.34,16.56,88.91,79.53,6158.41,4.595,0.85,18.49,88.0
2025-07-17,3224.01,91215.72,16.09,88.9,79.23,6161.28,4.653,0.77,16.67,88.0
2025-07-18,2396.03,67790.07,16.27,88.94,79.44,6163.09,4.646,0.75,16.0,88.0
2025-07-21,3237.0,91583.12,15.76,88.87,79.57,6175.33,4.584,1.08,19.7,88.0
2025-07-22,3316.47,93831.66,17.2,88.75,79.41,6152.61,4.592,0.99,18.68,88.0
2025-07-23,2845.18,80497.68,15.7,88.73,79.56,6163.23,4.594,0.83,20.42,88.0
2025-07-24,2908.01,82275.27,15.84,88.82,79.42,6146.27,4.581,0.46,20.27,88.0
2025-07-25,2284.73,64640.95,15.53,88.71,79.35,6132.25,4.6,0.75,16.8,88.0
2025-07-28,2901.68,82096.09,15.52,88.67,79.24,6121.36,4.57,1.21,16.37,88.0
2025-07-29,2390.98,67646.99,16.89,88.74,79.1,6123.99,4.558,0.77,20.59,88.0
2025-07-30,2702.37,76457.31,15.94,88.73,79.31,6118.15,4.61,0.97,20.27,88.0
2025-07-31,2836.24,80244.84,16.49,88.75,79.34,6117.93,4.609,1.02,19.15,88.0
2025-08-01,2546.37,72043.6,14.77,88.68,79.46,6113.34,4.565,0.84,16.69,88.0
2025-08-04,2524.61,71427.96,14.44,88.71,79.52,6105.52,4.615,0.68,20.94,88.0
2025-08-05,2529.82,71575.22,17.59,88.74,80.14,6114.15,4.568,0.44,22.55,88.0
2025-08-06,3427.33,96968.06,17.8,88.8,79.93,6125.14,4.594,0.91,20.56,88.0
2025-08-07,2942.16,83241.59,15.45,88.86,80.04,6133.54,4.61,0.68,18.31,88.0
2025-08-08,3413.4,96574.2,16.76,88.87,80.37,6131.17,4.583,0.83,20.09,88.0
2025-08-11,2773.02,78456.0,15.57,88.92,80.24,6125.9,4.597,0.62,17.27,88.0
2025-08-12,2804.7,79352.44,17.04,88.85,80.24,6114.13,4.567,0.77,22.12,88.0
2025-08-13,2796.14,79110.26,15.43,88.84,80.58,6121.23,4.575,0.81,20.17,88.0
2025-08-14,1824.9,51631.18,15.18,88.89,81.0,6108.91,4.574,0.85,16.47,88.0
2025-08-15,3114.38,88114.0,16.27,88.79,81.32,6110.32,4.557,0.64,19.41,88.0
2025-08-18,2863.66,81020.4,17.0,88.73,81.79,6105.09,4.573,0.98,20.94,88.0
2025-08-19,2915.32,82482.05,15.69,88.7,81.89,6091.23,4.531,0.72,19.35,88.0
2025-08-20,2138.37,60500.2,15.06,88.74,81.94,6089.41,4.561,0.55,19.46,88.0
2025-08-21,2921.69,82662.29,17.51,88.78,82.2,6092.67,4.566,0.79,17.57,88.0
2025-08-22,2797.84,79158.22,16.18,88.72,82.57,6108.11,4.566,0.81,21.15,88.0
2025-08-25,3009.95,85159.52,15.97,88.74,82.45,6114.1,4.566,0.83,18.73,88.0
2025-08-26,2949.91,83460.62,17.45,88.83,82.89,6121.4,4.57,1.01,15.72,88.0
2025-08-27,2798.36,79172.86,18.46,88.92,82.96,6133.54,4.585,0.77,19.3,88.0
2025-08-28,3185.55,90127.68,16.93,88.82,82.79,6142.16,4.596,0.79,22.01,88.0
2025-08-29,3366.3,95241.52,17.22,88.81,83.14,6139.77,4.55,0.64,19.28,88.0
2025-09-01,2855.12,80778.76,15.83,88.88,83.12,6139.8,4.532,0.93,23.54,88.0
2025-09-02,2436.39,68931.99,17.23,88.96,82.97,6124.78,4.536,0.83,20.93,88.0
2025-09-03,2477.3,70089.36,17.26,88.95,83.16,6127.65,4.551,0.74,20.77,88.0
2025-09-04,3136.55,88741.13,15.33,88.94,83.07,6120.38,4.554,0.52,19.85,88.0
2025-09-05,3459.67,97883.22,16.12,89.0,82.9,6112.97,4.541,1.02,19.99,88.0
2025-09-08,2315.7,65517.29,17.3,89.11,83.2,6100.56,4.524,0.62,19.62,88.0
2025-09-09,2624.49,74253.77,16.07,89.09,82.94,6092.58,4.548,0.71,19.56,88.0
2025-09-10,2871.26,81235.49,17.83,89.01,82.96,6082.25,4.566,0.86,21.26,88.0
2025-09-11,2227.43,63019.92,16.3,89.0,83.2,6089.46,4.578,0.62,18.35,88.0
2025-09-12,2932.52,82968.79,16.11,89.06,83.3,6090.7,4.542,0.58,18.11,88.0
2025-09-15,3089.08,87398.19,16.93,88.93,83.09,6090.72,4.546,0.48,18.06,88.0
2025-09-16,3110.59,88006.82,18.6,88.88,82.99,6087.66,4.529,0.91,24.44,88.0
2025-09-17,2760.36,78097.84,17.03,88.92,82.86,6090.94,4.555,0.72,21.46,88.0
2025-09-18,2784.18,78771.91,16.99,88.88,83.04,6096.27,4.53,1.24,21.07,88.0
2025-09-19,2479.77,70159.26,17.41,88.87,82.8,6106.04,4.571,0.65,18.42,88.0
2025-09-22,2191.15,61993.3,17.69,88.9,83.27,6109.8,4.499,0.66,21.86,88.0
2025-09-23,2784.21,78772.55,16.88,88.91,83.22,6108.75,4.541,0.72,20.47,88.0
2025-09-24,2988.15,84542.63,16.88,88.9,83.2,6114.17,4.56,0.84,21.23,88.0
2025-09-25,2834.51,80195.62,16.92,88.88,82.93,6118.5,4.556,0.73,18.96,88.0
2025-09-26,3221.95,91157.42,15.31,88.95,82.99,6118.17,4.63,0.89,21.37,88.0
2025-09-29,2939.57,83168.19,15.36,89.04,82.9,6108.62,4.558,0.65,20.35,88.0
2025-09-30,3049.14,86268.21,16.35,89.12,82.78,6107.66,4.517,0.59,19.84,88.0
2025-10-01,2858.47,80873.59,15.55,89.2,82.44,6116.22,4.543,0.53,23.03,88.0
2025-10-02,3436.13,97217.04,15.94,89.28,82.73,6114.13,4.492,0.47,18.71,88.0
2025-10-03,2568.26,72662.71,16.5,89.25,82.74,6113.35,4.542,0.72,23.16,88.0
2025-10-06,3012.54,85232.64,15.48,89.26,82.5,6132.27,4.518,0.76,23.68,88.0
2025-10-07,2868.05,81144.78,16.66,89.39,82.36,6134.62,4.569,0.71,20.88,88.0
2025-10-08,3054.23,86412.32,14.68,89.32,82.52,6141.15,4.525,0.99,21.36,88.0
2025-10-09,2907.17,82251.45,16.21,89.28,82.49,6141.79,4.536,0.98,22.97,88.0
2025-10-10,2757.69,78022.23,14.99,89.28,82.58,6135.24,4.52,0.75,24.45,88.0
2025-10-13,2926.34,82793.81,15.88,89.26,82.34,6135.16,4.59,0.53,24.11,88.0
2025-10-14,2977.13,84230.86,17.25,89.35,82.54,6140.76,4.527,0.72,25.89,88.0
2025-10-15,3045.07,86153.03,15.94,89.33,82.22,6132.96,4.591,0.71,29.23,88.0
2025-10-16,3348.81,94746.56,14.56,89.31,82.18,6134.35,4.559,0.7,25.47,88.0
2025-10-17,2878.3,81434.68,16.16,89.26,81.8,6123.45,4.548,0.7,23.94,88.0
2025-10-20,2399.07,67875.92,15.96,89.26,81.87,6132.81,4.544,0.7,30.02,88.0
2025-10-21,2899.78,82042.3,16.93,89.25,81.95,6125.02,4.544,0.74,32.87,88.0
2025-10-22,2693.75,76213.41,16.67,89.25,81.94,6136.81,4.473,0.7,31.57,88.0
2025-10-23,2716.5,76857.04,17.08,89.25,82.03,6135.96,4.522,0.83,30.07,88.0
2025-10-24,2764.46,78213.94,18.22,89.26,82.2,6127.5,4.554,0.85,33.64,88.0
2025-10-27,2549.83,72141.35,16.66,89.3,81.97,6128.23,4.527,0.66,33.53,88.0
2025-10-28,2003.28,56678.13,17.69,89.29,81.87,6139.47,4.485,0.99,39.17,88.0
2025-10-29,3433.04,97129.7,16.94,89.39,81.65,6132.48,4.524,0.65,37.59,88.0
2025-10-30,2719.53,76942.67,18.36,89.35,81.87,6132.09,4.576,0.56,42.41,88.0
2025-10-31,2268.85,64191.81,17.94,89.42,81.44,6124.59,4.561,0.86,44.09,88.0
2025-11-03,2975.09,84173.06,18.43,89.47,81.19,6128.87,4.521,0.68,49.86,88.0
2025-11-04,3165.88,89571.17,18.59,89.48,81.03,6142.46,4.551,0.85,47.58,88.0
2025-11-05,2864.1,81032.9,15.94,89.47,80.92,6139.61,4.51,0.44,47.82,88.0
2025-11-06,2431.4,68790.77,18.88,89.46,81.19,6139.83,4.469,1.01,47.1,88.0
2025-11-07,2370.36,67063.64,18.25,89.48,80.96,6133.52,4.491,0.9,45.1,88.0
2025-11-10,3722.54,105320.51,17.21,89.6,80.89,6140.79,4.565,0.57,48.77,88.0
2025-11-11,2333.87,66031.21,18.67,89.69,80.88,6158.55,4.509,0.58,44.15,88.0
2025-11-12,2263.51,64040.77,18.5,89.63,81.0,6158.78,4.509,1.05,39.38,88.0
2025-11-13,2766.65,78275.83,17.4,89.7,80.97,6152.39,4.506,0.69,43.29,88.0
2025-11-14,3160.34,89414.41,15.35,89.69,81.01,6143.69,4.571,0.67,37.51,88.0
2025-11-17,3451.51,97652.27,16.89,89.7,81.0,6156.87,4.562,0.46,34.26,88.0
2025-11-18,2756.76,77995.97,16.25,89.78,81.04,6166.42,4.579,0.75,35.64,88.0
2025-11-19,2774.29,78491.98,15.15,89.78,81.06,6180.53,4.506,0.77,34.95,88.0
2025-11-20,2388.14,67566.79,17.37,89.82,80.72,6185.48,4.519,0.91,29.6,88.0
2025-11-21,3270.23,92523.3,17.95,89.88,80.75,6184.05,4.464,0.59,29.38,88.0
2025-11-24,2818.09,79731.21,16.28,89.87,80.7,6186.19,4.552,0.57,25.64,88.0
2025-11-25,2813.88,79612.21,16.94,89.82,80.64,6190.05,4.472,0.87,26.38,88.0
2025-11-26,3005.81,85042.32,17.86,89.85,80.73,6182.31,4.513,0.95,25.45,88.0
2025-11-27,2979.31,84292.49,16.53,89.86,80.91,6189.73,4.472,0.56,25.48,88.0
2025-11-28,2797.73,79155.15,16.1,89.81,81.17,6187.4,4.486,0.96,25.12,88.0
2025-12-01,3368.22,95295.87,14.5,89.91,81.2,6182.08,4.478,0.81,25.0,88.0
2025-12-02,2284.65,64638.89,17.25,90.05,81.18,6182.84,4.484,0.96,23.85,88.0
2025-12-03,2948.58,83423.05,16.48,90.12,81.22,6181.82,4.485,0.79,20.5,88.0
2025-12-04,2995.84,84760.34,16.69,90.06,80.92,6174.43,4.484,0.42,20.65,88.0
2025-12-05,2673.53,75641.2,13.93,90.15,80.84,6166.38,4.524,0.78,21.08,88.0
2025-12-08,3025.69,85604.78,18.19,90.16,80.6,6172.72,4.465,0.96,21.3,88.0
2025-12-09,3058.36,86528.97,15.58,90.13,81.0,6178.38,4.504,0.67,23.69,88.0
2025-12-10,3214.83,90956.13,17.15,90.08,81.18,6196.52,4.533,0.74,19.02,88.0
2025-12-11,2774.15,78488.1,14.53,90.13,81.24,6194.97,4.48,0.77,20.41,88.0
2025-12-12,2749.53,77791.32,15.3,90.21,81.5,6192.17,4.472,0.37,22.84,88.0
2025-12-15,3035.97,85895.6,15.98,90.21,81.74,6200.0,4.486,1.05,20.16,88.0
2025-12-16,2783.23,78744.93,15.3,90.33,81.8,6200.0,4.527,0.67,21.53,88.0
2025-12-17,2284.15,64624.52,15.67,90.26,82.0,6200.0,4.497,0.88,20.19,88.0
2025-12-18,3161.16,89437.61,17.79,90.19,82.08,6200.0,4.474,0.79,20.87,88.0
2025-12-19,2152.11,60888.89,16.17,90.2,82.31,6200.0,4.504,0.99,19.79,88.0
2025-12-22,2993.24,84686.56,18.37,90.3,82.24,6200.0,4.455,0.86,21.48,88.0
2025-12-23,3789.08,107203.07,17.06,90.3,82.26,6200.0,4.507,0.77,16.98,88.0
2025-12-24,3044.28,86130.61,14.35,90.28,82.33,6200.0,4.498,0.67,19.26,88.0
2025-12-25,2577.79,72932.61,16.07,90.32,82.5,6200.0,4.476,0.92,20.51,88.0
2025-12-26,2679.35,75805.73,15.75,90.37,82.34,6200.0,4.459,0.52,20.93,88.0
2025-12-29,2982.48,84382.32,15.65,90.33,82.4,6200.0,4.456,0.9,22.79,88.0
2025-12-30,2818.93,79755.08,17.17,90.29,82.24,6200.0,4.498,0.64,18.97,88.0
2025-12-31,3105.64,87866.72,17.45,90.29,82.24,6200.0,4.518,0.99,22.67,88.0
2026-01-01,3354.96,94920.72,18.18,90.35,81.86,6197.07,4.461,0.83,18.35,88.0
2026-01-02,3303.03,93451.37,16.08,90.31,81.4,6196.88,4.493,0.9,22.29,88.0
2026-01-05,2396.6,67806.16,16.74,90.36,81.29,6192.92,4.415,0.82,21.23,88.0
2026-01-06,2809.25,79481.19,15.57,90.4,81.27,6200.0,4.459,0.54,17.74,88.0
2026-01-07,3000.72,84898.38,15.73,90.49,81.04,6200.0,4.475,0.67,20.15,88.0
2026-01-08,3370.18,95351.37,17.02,90.49,81.46,6200.0,4.448,0.9,19.4,88.0
2026-01-09,2961.22,83780.74,18.33,90.54,81.23,6200.0,4.446,0.83,20.73,88.0
2026-01-12,2567.64,72645.36,17.26,90.53,81.0,6200.0,4.453,0.98,19.01,88.0
2026-01-13,2980.87,84336.74,17.1,90.49,80.96,6200.0,4.481,0.86,18.82,88.0
2026-01-14,3479.25,98437.11,16.27,90.5,80.82,6200.0,4.465,0.66,22.16,88.0
2026-01-15,2707.21,76594.07,16.9,90.63,80.86,6200.0,4.403,0.69,19.2,88.0
2026-01-16,2531.37,71619.04,17.4,90.56,80.63,6200.0,4.405,0.82,21.03,88.0
2026-01-19,2767.21,78291.7,15.11,90.57,80.76,6200.0,4.45,0.46,18.91,88.0
2026-01-20,2543.19,71953.42,16.67,90.58,80.46,6200.0,4.481,1.06,22.68,88.0
2026-01-21,3075.74,87020.77,15.88,90.61,80.28,6200.0,4.384,0.87,17.98,88.0
2026-01-22,2540.09,71865.93,15.72,90.7,80.19,6200.0,4.45,0.99,18.09,88.0
2026-01-23,3237.41,91594.89,17.02,90.73,79.95,6200.0,4.448,0.57,22.35,88.0
2026-01-26,2941.45,83221.32,16.04,90.75,80.01,6200.0,4.505,0.99,18.4,88.0
2026-01-27,3034.26,85847.35,17.03,90.79,79.98,6200.0,4.45,1.14,22.48,88.0
2026-01-28,3024.69,85576.56,16.48,90.81,80.08,6200.0,4.472,0.61,21.05,88.0
2026-01-29,3114.58,88119.73,15.89,90.87,79.83,6200.0,4.464,0.92,18.94,88.0
2026-01-30,2665.79,75422.2,14.47,90.92,79.73,6200.0,4.395,0.81,15.61,88.0
2026-02-02,2420.91,68494.01,15.48,90.94,79.67,6200.0,4.481,0.58,19.19,88.0
2026-02-03,2638.93,74662.29,16.44,91.02,79.8,6200.0,4.463,0.88,19.42,88.0
2026-02-04,3142.51,88909.95,16.37,91.16,79.79,6200.0,4.471,0.93,21.54,88.0
2026-02-05,2109.66,59687.95,14.25,91.15,79.86,6200.0,4.573,0.72,22.37,88.0
2026-02-06,2029.56,57421.49,16.69,91.15,79.95,6200.0,4.391,0.98,17.81,88.0
2026-02-09,2865.67,81077.32,15.27,91.14,80.17,6200.0,4.505,0.56,20.78,88.0
2026-02-10,3066.1,86748.13,16.28,91.06,80.19,6200.0,4.443,0.58,20.69,88.0
2026-02-11,3117.21,88193.96,16.77,91.11,79.81,6200.0,4.46,0.83,21.3,88.0
2026-02-12,2385.96,67505.22,16.38,91.08,79.69,6200.0,4.449,0.81,20.14,88.0
2026-02-13,2294.73,64924.02,17.34,91.07,80.0,6200.0,4.436,0.7,15.25,88.0
2026-02-16,2489.67,70439.44,17.0,91.0,79.9,6200.0,4.431,0.93,18.82,88.0
2026-02-17,2613.56,73944.5,15.54,90.91,80.02,6200.0,4.457,0.89,16.81,88.0
2026-02-18,2622.15,74187.65,15.76,90.83,80.37,6200.0,4.4,0.94,18.71,88.0
2026-02-19,2798.6,79179.76,16.05,90.84,80.3,6200.0,4.468,0.79,21.06,88.0
2026-02-20,3282.1,92859.37,15.74,90.99,80.25,6200.0,4.432,0.9,19.71,88.0
2026-02-23,2741.37,77560.49,16.32,91.02,80.13,6200.0,4.409,0.74,21.39,88.0
2026-02-24,3085.52,87297.52,15.19,91.02,80.36,6200.0,4.428,1.12,19.77,88.0
2026-02-25,2972.18,84090.82,16.91,91.01,80.36,6200.0,4.479,0.69,16.49,88.0
2026-02-26,2460.51,69614.25,15.79,91.02,80.17,6200.0,4.424,1.13,14.04,88.0
2026-02-27,2941.11,83211.87,16.96,91.01,80.06,6200.0,4.45,0.82,19.38,88.0
2026-03-02,2915.87,82497.55,14.49,91.1,79.9,6200.0,4.416,0.61,18.66,88.0
2026-03-03,2718.41,76910.99,14.71,91.16,79.61,6200.0,4.46,1.02,17.13,88.0
2026-03-04,2767.73,78306.36,16.54,91.21,79.73,6200.0,4.457,0.83,15.69,88.0
2026-03-05,2700.34,76399.61,15.15,91.28,79.93,6200.0,4.49,0.94,17.63,88.0
2026-03-06,2335.73,66084.09,14.92,91.19,80.27,6200.0,4.429,1.0,18.72,88.0
2026-03-09,3616.26,102313.59,16.89,91.18,80.16,6200.0,4.453,0.86,20.45,88.0
2026-03-10,3136.18,88730.84,15.0,91.26,80.35,6200.0,4.435,0.72,19.51,88.0
2026-03-11,2966.25,83922.97,16.05,91.25,80.82,6200.0,4.47,0.96,22.36,88.0
2026-03-12,2616.47,74026.74,15.2,91.2,80.39,6200.0,4.408,0.81,17.1,88.0
2026-03-13,2708.68,76635.76,16.62,91.2,80.17,6200.0,4.451,0.92,20.96,88.0
2026-03-16,2261.48,63983.13,15.61,91.19,79.97,6200.0,4.422,0.49,19.32,88.0
2026-03-17,2895.14,81911.06,16.65,91.25,80.35,6200.0,4.425,0.88,20.66,88.0
2026-03-18,2828.17,80016.46,14.44,91.3,80.44,6200.0,4.429,0.72,18.44,88.0
2026-03-19,2633.35,74504.51,16.13,91.32,80.42,6200.0,4.433,1.06,21.51,88.0
2026-03-20,2743.44,77619.01,15.72,91.31,80.36,6200.0,4.421,0.91,20.01,88.0
2026-03-23,2606.0,73730.55,14.77,91.38,80.24,6200.0,4.429,0.85,18.14,88.0
2026-03-24,2535.06,71723.63,14.53,91.39,80.0,6200.0,4.469,0.89,19.55,88.0
2026-03-25,2426.6,68654.9,15.21,91.39,79.92,6200.0,4.451,0.67,19.19,88.0
2026-03-26,2343.97,66316.99,15.44,91.41,79.64,6200.0,4.446,1.06,20.76,88.0
2026-03-27,2477.47,70094.26,16.66,91.38,79.75,6200.0,4.405,1.12,17.54,88.0
2026-03-30,2501.29,70767.95,16.34,91.45,79.77,6200.0,4.391,0.88,19.99,88.0
2026-03-31,3151.26,89157.38,15.22,91.51,79.82,6200.0,4.446,1.06,21.0,88.0
2026-04-01,2514.55,71143.32,15.29,91.47,80.18,6200.0,4.442,0.73,20.46,88.0
2026-04-02,2010.46,56881.31,16.18,91.54,80.4,6200.0,4.459,0.7,23.3,88.0
2026-04-03,2852.47,80703.75,16.39,91.59,80.54,6200.0,4.396,0.83,22.4,88.0
2026-04-06,2940.97,83207.7,16.88,91.61,80.66,6200.0,4.406,0.89,21.12,88.0
2026-04-07,3069.21,86836.11,15.73,91.64,80.61,6200.0,4.363,0.76,21.88,88.0
2026-04-08,2764.06,78202.51,16.08,91.63,80.84,6200.0,4.399,0.9,22.4,88.0
2026-04-09,2303.05,65159.4,14.31,91.65,80.9,6200.0,4.44,0.87,23.02,88.0
2026-04-10,2417.54,68398.68,14.52,91.59,80.82,6200.0,4.395,0.67,19.03,88.0
2026-04-13,2950.25,83470.27,16.69,91.61,80.81,6200.0,4.427,0.9,22.61,88.0
2026-04-14,3261.64,92280.49,14.88,91.63,80.87,6200.0,4.401,0.95,20.85,88.0
2026-04-15,2300.9,65098.53,14.64,91.6,80.73,6200.0,4.416,0.85,27.06,88.0
2026-04-16,2803.07,79306.29,16.9,91.61,80.9,6200.0,4.371,1.0,25.16,88.0
2026-04-17,2530.01,71580.73,15.56,91.56,81.44,6200.0,4.407,0.64,25.78,88.0
2026-04-20,2438.44,68989.97,15.55,91.59,81.2,6200.0,4.313,0.89,28.96,88.0
2026-04-21,2745.77,77685.18,14.68,91.61,81.06,6200.0,4.396,0.65,29.15,88.0
2026-04-22,2691.96,76162.7,14.49,91.71,80.99,6200.0,4.352,0.66,27.34,88.0
2026-04-23,1975.54,55893.26,15.68,91.78,81.01,6200.0,4.436,0.73,30.92,88.0
2026-04-24,2818.74,79749.57,15.92,91.79,80.85,6200.0,4.422,0.68,32.06,88.0
2026-04-27,2854.33,80756.39,17.17,91.72,81.06,6200.0,4.412,0.74,31.13,88.0
2026-04-28,3032.4,85794.56,16.14,91.86,81.01,6200.0,4.443,0.79,35.37,88.0
2026-04-29,2559.48,72414.43,16.27,91.94,81.21,6200.0,4.368,0.95,38.81,88.0
2026-04-30,2155.84,60994.48,16.36,91.94,81.35,6200.0,4.447,0.78,41.7,88.0
2026-05-01,2585.66,73155.25,14.41,91.94,81.26,6200.0,4.422,0.59,42.09,88.0
2026-05-04,3035.67,85887.02,16.44,91.9,81.35,6200.0,4.386,1.0,44.2,88.0
2026-05-05,2726.24,77132.63,16.96,91.86,81.81,6200.0,4.426,0.7,38.92,88.0
2026-05-06,3064.77,86710.42,16.47,91.81,81.72,6200.0,4.358,0.82,36.74,88.0
2026-05-07,2257.01,63856.87,17.05,91.77,81.56,6200.0,4.365,0.9,35.3,88.0
2026-05-08,3048.51,86250.49,17.1,91.67,81.98,6200.0,4.371,0.86,31.0,88.0
2026-05-11,2837.68,80285.46,14.83,91.73,81.93,6200.0,4.372,0.99,31.8,88.0
2026-05-12,2632.44,74478.7,15.4,91.79,81.71,6200.0,4.355,0.9,28.66,88.0
2026-05-13,3166.73,89595.04,16.51,91.9,81.29,6200.0,4.423,0.7,26.28,88.0
2026-05-14,2892.56,81838.24,16.16,91.91,81.39,6200.0,4.377,1.16,28.05,88.0
2026-05-15,2437.73,68969.85,15.77,91.85,81.42,6200.0,4.395,0.86,28.85,88.0
2026-05-18,3151.97,89177.51,16.63,91.92,81.04,6200.0,4.366,0.81,26.41,88.0
2026-05-19,2708.96,76643.59,15.09,92.02,81.06,6200.0,4.327,0.98,26.0,88.0
2026-05-20,2825.41,79938.17,14.79,91.95,80.67,6200.0,4.389,0.87,22.39,88.0
2026-05-21,2515.12,71159.42,14.65,91.87,80.77,6200.0,4.323,0.89,19.61,88.0
2026-05-22,2806.47,79402.31,14.75,91.8,81.0,6200.0,4.377,1.21,25.22,88.0
2026-05-25,2509.96,71013.43,15.44,91.79,81.0,6200.0,4.337,0.79,25.86,88.0
2026-05-26,2797.11,79137.63,15.74,91.73,81.27,6200.0,4.437,0.79,24.39,88.0
2026-05-27,2876.17,81374.46,14.52,91.82,80.91,6200.0,4.403,0.85,20.25,88.0
2026-05-28,3074.93,86998.02,15.32,91.8,80.47,6200.0,4.378,1.0,18.26,88.0
2026-05-29,2309.24,65334.58,14.53,91.77,80.64,6200.0,4.412,0.61,18.13,88.0
2026-06-01,3175.49,89843.1,14.81,91.87,80.3,6200.0,4.348,0.54,16.62,88.0
2026-06-02,3222.49,91172.76,16.57,91.83,80.24,6200.0,4.388,0.75,19.53,88.0
2026-06-03,2764.16,78205.47,15.42,91.89,80.57,6200.0,4.377,0.59,22.74,88.0
2026-06-04,2877.09,81400.49,15.4,91.87,80.67,6200.0,4.378,0.77,19.06,88.0
2026-06-05,2942.67,83255.98,17.33,91.86,80.59,6200.0,4.407,0.91,19.77,88.0
2026-06-08,2846.83,80544.21,15.06,91.76,80.52,6200.0,4.39,0.71,21.76,88.0
2026-06-09,3028.29,85678.23,15.77,91.73,80.72,6200.0,4.376,0.63,18.07,88.0
2026-06-10,2677.82,75762.71,15.21,91.79,80.52,6200.0,4.316,0.85,22.82,88.0
2026-06-11,2560.14,72433.11,16.53,91.84,80.55,6200.0,4.336,0.97,22.63,88.0
2026-06-12,2968.18,83977.69,14.45,91.86,80.55,6200.0,4.36,0.59,18.28,88.0
2026-06-15,2241.83,63427.4,15.16,91.91,80.57,6200.0,4.366,0.97,17.3,88.0
2026-06-16,3048.98,86263.74,15.03,92.01,80.49,6200.0,4.328,0.97,19.77,88.0
2026-06-17,3083.22,87232.49,14.51,91.99,80.3,6200.0,4.433,0.99,17.6,88.0
2026-06-18,2524.37,71421.03,13.37,92.1,79.97,6200.0,4.405,1.03,15.92,88.0
2026-06-19,3339.82,94492.37,16.02,92.07,80.14,6200.0,4.377,1.17,20.73,88.0
2026-06-22,2688.96,76077.76,14.75,91.98,80.05,6200.0,4.36,0.79,20.55,88.0
2026-06-23,2675.74,75703.83,15.04,91.97,80.23,6200.0,4.351,0.86,18.37,88.0
2026-06-24,2608.71,73807.34,14.97,91.96,80.31,6200.0,4.327,0.78,15.49,88.0
2026-06-25,3014.42,85285.91,13.76,91.97,79.84,6200.0,4.357,0.85,15.51,88.0
2026-06-26,2675.99,75710.81,15.0,92.01,79.92,6200.0,4.362,1.08,18.14,88.0
2026-06-29,2282.59,64580.46,13.35,92.04,79.83,6200.0,4.316,0.65,16.89,88.0
2026-06-30,2945.09,83324.24,14.68,91.94,79.95,6200.0,4.362,0.72,17.17,88.0
2026-07-01,2708.31,76625.31,16.88,91.96,79.71,6200.0,4.346,1.06,19.87,88.0
2026-07-02,3205.38,90688.77,15.01,91.89,79.85,6200.0,4.293,1.0,19.26,88.0
2026-07-03,2902.25,82112.44,14.35,91.93,80.19,6200.0,4.323,0.8,20.52,88.0
2026-07-06,2883.86,81591.89,14.78,91.96,79.77,6200.0,4.336,0.98,15.75,88.0
2026-07-07,3148.95,89092.04,16.63,92.05,79.7,6200.0,4.404,0.9,17.02,88.0
2026-07-08,2844.59,80480.88,15.05,91.99,79.7,6200.0,4.363,1.08,19.2,88.0
2026-07-09,3104.88,87845.3,13.85,92.12,79.83,6200.0,4.305,0.86,18.55,88.0
2026-07-10,2579.24,72973.52,13.84,92.17,79.96,6200.0,4.359,1.01,20.7,88.0
2026-07-13,3413.13,96566.38,15.19,92.11,79.78,6200.0,4.297,1.25,18.45,88.0
2026-07-14,2884.38,81606.65,16.24,92.12,79.79,6200.0,4.374,0.94,21.28,88.0
2026-07-15,2336.55,66107.23,15.68,92.18,79.93,6200.0,4.327,0.86,18.64,88.0
2026-07-16,2865.38,81069.2,16.42,92.27,79.74,6200.0,4.337,0.96,19.67,88.0
2026-07-17,2861.02,80945.78,15.63,92.32,79.72,6200.0,4.379,0.8,16.88,88.0
2026-07-20,2816.91,79697.81,15.49,92.33,79.63,6200.0,4.299,1.21,17.53,88.0
2026-07-21,1942.03,54945.01,12.94,92.47,79.6,6200.0,4.295,0.88,19.3,88.0
2026-07-22,2628.67,74371.95,16.67,92.48,79.18,6200.0,4.318,0.82,20.69,88.0
2026-07-23,2326.47,65821.97,14.04,92.39,79.28,6200.0,4.366,0.73,18.9,88.0
2026-07-24,2341.78,66255.21,17.62,92.38,79.22,6200.0,4.288,1.02,17.26,88.0
2026-07-27,2916.67,82520.24,14.96,92.45,79.35,6200.0,4.248,0.99,20.16,88.0
2026-07-28,2638.65,74654.31,14.37,92.48,79.5,6200.0,4.318,0.79,13.0,88.0
2026-07-29,2727.52,77168.69,14.73,92.49,79.64,6200.0,4.348,0.95,14.52,88.0
2026-07-30,2538.73,71827.29,15.25,92.47,79.78,6200.0,4.366,0.63,18.71,88.0
2026-07-31,3369.29,95326.02,14.2,92.49,79.92,6200.0,4.315,0.89,17.36,88.0
2026-08-03,2881.87,81535.69,14.69,92.5,80.19,6200.0,4.316,0.93,18.52,88.0
2026-08-04,2303.75,65179.09,16.38,92.44,80.08,6200.0,4.362,1.12,17.42,88.0
2026-08-05,3090.32,87433.32,16.49,92.41,79.69,6200.0,4.27,0.75,18.41,88.0
2026-08-06,2722.09,77015.16,14.0,92.43,79.66,6200.0,4.313,0.67,15.62,88.0
2026-08-07,3289.98,93082.2,15.47,92.51,79.65,6200.0,4.33,0.73,18.38,88.0
2026-08-10,2846.98,80548.51,14.75,92.58,79.77,6200.0,4.336,0.67,19.2,88.0
2026-08-11,2608.22,73793.36,16.05,92.64,79.8,6200.0,4.307,1.07,19.64,88.0
2026-08-12,2677.88,75764.27,14.94,92.69,79.71,6200.0,4.322,1.1,21.21,88.0
2026-08-13,2713.55,76773.38,16.0,92.69,79.9,6200.0,4.245,0.92,17.65,88.0
2026-08-14,3052.35,86358.92,15.24,92.76,79.83,6200.0,4.299,1.05,17.69,88.0
2026-08-17,2580.25,73002.1,14.54,92.73,79.53,6200.0,4.332,0.89,14.08,88.0
2026-08-18,3349.69,94771.44,14.91,92.69,79.09,6200.0,4.288,0.86,16.04,88.0
2026-08-19,3031.24,85761.76,16.27,92.68,78.94,6200.0,4.318,0.82,16.7,88.0
2026-08-20,2992.34,84661.3,15.07,92.77,79.34,6200.0,4.328,0.82,19.17,88.0
2026-08-21,2920.84,82638.23,15.03,92.73,79.3,6200.0,4.304,0.64,15.83,88.0
2026-08-24,2935.73,83059.5,15.27,92.71,79.17,6200.0,4.318,0.91,18.63,88.0
2026-08-25,2468.6,69843.18,15.15,92.8,79.16,6200.0,4.283,0.87,17.01,88.0
2026-08-26,3064.24,86695.56,16.16,92.84,78.8,6200.0,4.305,0.99,16.64,88.0
2026-08-27,3661.53,103594.28,15.77,92.9,79.09,6200.0,4.328,0.89,17.47,88.0
2026-08-28,3207.57,90750.67,13.65,92.9,78.83,6200.0,4.314,0.85,16.18,88.0
2026-08-31,3116.31,88168.74,15.29,93.03,78.59,6200.0,4.29,0.75,16.08,88.0
2026-09-01,2391.18,67652.75,16.24,93.07,78.46,6200.0,4.314,0.89,13.51,88.0
2026-09-02,3356.56,94965.87,14.85,93.15,78.69,6200.0,4.327,0.99,16.41,88.0
2026-09-03,3252.72,92027.89,15.55,93.16,78.88,6200.0,4.244,0.71,15.92,88.0
2026-09-04,3383.82,95737.1,12.52,93.13,78.98,6200.0,4.339,0.89,15.83,88.0
2026-09-07,2634.99,74550.85,14.27,93.13,79.05,6200.0,4.293,0.91,17.68,88.0
2026-09-08,2806.73,79409.69,17.21,93.13,78.63,6200.0,4.315,0.77,18.15,88.0
2026-09-09,2408.41,68140.19,15.8,93.17,78.9,6200.0,4.337,0.79,17.27,88.0
2026-09-10,2384.35,67459.56,15.55,93.1,78.96,6200.0,4.259,0.92,18.78,88.0
